product_id,product_name,brand_name,category,product_name_part_1,product_name_part_2,product_name_part_3,product_name_part_4,product_name_part_5,product_name_part_6
108764,"Strengthening , Rosemary Mint",Mielle,Shampoo,Strengthening , Rosemary Mint,,,,
6419,"Smooth As Silk™, Deep Moisture , For Damaged Hair",Giovanni,Shampoo,Smooth As Silk™, Deep Moisture , For Damaged Hair,,,
6412,"Tea Tree Triple Treat, Invigorating , For All Hair Types",Giovanni,Shampoo,Tea Tree Triple Treat, Invigorating , For All Hair Types,,,
100354,"Jamaican Black Castor Oil, Strengthen & Restore",SheaMoisture,Shampoo,Jamaican Black Castor Oil, Strengthen & Restore,,,,
6398,"50:50 Balanced™, Hydrating-Clarifying , For Normal to Dry Hair",Giovanni,Shampoo,50:50 Balanced™, Hydrating-Clarifying , For Normal to Dry Hair,,,
99878,"Jamaican Black Castor Oil, Strengthen & Restore",SheaMoisture,Shampoo,Jamaican Black Castor Oil, Strengthen & Restore,,,,
122069,"Strengthening Solid Bar, Rice Water Protein, White Tea & Mandarin, 1 Bar",Kitsch,Shampoo,Strengthening Solid Bar, Rice Water Protein, White Tea & Mandarin, 1 Bar,,
14368,"Root 66, Max Volume , For Limp, Lifeless Hair",Giovanni,Shampoo,Root 66, Max Volume , For Limp, Lifeless Hair,,
120649,"Curl & Shine , Thick, Curly Hair, Coconut & Hibiscus",SheaMoisture,Shampoo,Curl & Shine , Thick, Curly Hair, Coconut & Hibiscus,,
97575,"Kids Extra-Nourishing , Mango & Carrot",SheaMoisture,Shampoo,Kids Extra-Nourishing , Mango & Carrot,,,,
99931,"Tea Tree Triple Treat, Invigorating , For All Hair Types",Giovanni,Shampoo,Tea Tree Triple Treat, Invigorating , For All Hair Types,,,
100295,"Power Greens , Moringa & Avocado",SheaMoisture,Shampoo,Power Greens , Moringa & Avocado,,,,
103812,"Smooth As Silk, Deep Moisture , For Damaged Hair",Giovanni,Shampoo,Smooth As Silk, Deep Moisture , For Damaged Hair,,,
99933,"50:50 Balanced, Hydrating-Clarifying , For Normal to Dry Hair",Giovanni,Shampoo,50:50 Balanced, Hydrating-Clarifying , For Normal to Dry Hair,,,
120652,"Manuka Honey & Mafura Oil, Intensive Hydration , Extra Dry, Damaged Hair",SheaMoisture,Shampoo,Manuka Honey & Mafura Oil, Intensive Hydration , Extra Dry, Damaged Hair,,
108740,"Care For Kids, Tear-Free Nourishing , Gentle Care for Textured Hair",Cantu,Shampoo,Care For Kids, Tear-Free Nourishing , Gentle Care for Textured Hair,,,
114613,Daily Hydration with Coconut Milk & Acacia Senegal,SheaMoisture,Shampoo,Daily Hydration with Coconut Milk & Acacia Senegal,,,,,
142654,"Volumizing Solid Bar, Rosemary & Biotin, Lavender & Vanilla",Kitsch,Shampoo,Volumizing Solid Bar, Rosemary & Biotin, Lavender & Vanilla,,,
122598,"Kids Care, Moisturizing , For Coils, Curls and Waves",Dove,Shampoo,Kids Care, Moisturizing , For Coils, Curls and Waves,,
108736,"Shea Butter, Cleansing Cream , For Natural Curls, Coils & Waves",Cantu,Shampoo,Shea Butter, Cleansing Cream , For Natural Curls, Coils & Waves,,
122070,"Nourishing Solid Bar, Castor Oil, Sugared Amber & Shea",Kitsch,Shampoo,Nourishing Solid Bar, Castor Oil, Sugared Amber & Shea,,,
92460,"Dermacare Scalp, Anti-Dandruff , Soothing Moisture",Dove,Shampoo,Dermacare Scalp, Anti-Dandruff , Soothing Moisture,,,
97586,"Raw Shea Butter, Deep Moisturizing , Curly to Coily Hair",SheaMoisture,Shampoo,Raw Shea Butter, Deep Moisturizing , Curly to Coily Hair,,,
120663,"Manuka Honey & Yogurt, Hydrate + Repair with Mafura & Baobab Oils",SheaMoisture,Shampoo,Manuka Honey & Yogurt, Hydrate + Repair with Mafura & Baobab Oils,,,,
75760,"2chic, Ultra-Moist , For Dry, Damaged Hair, Avocado + Olive Oil",Giovanni,Shampoo,2chic, Ultra-Moist , For Dry, Damaged Hair, Avocado + Olive Oil,
109202,"Shea Butter, Moisturizing Cream",Cantu,Shampoo,Shea Butter, Moisturizing Cream,,,,
120672,"Anti-Dandruff , Apple Cider Vinegar",SheaMoisture,Shampoo,Anti-Dandruff , Apple Cider Vinegar,,,,
125040,"EverPure, Bond Repair",L'Oréal,Shampoo,EverPure, Bond Repair,,,,
81710,"2chic, Frizz Be Gone , Shea Butter + Sweet Almond Oil",Giovanni,Shampoo,2chic, Frizz Be Gone , Shea Butter + Sweet Almond Oil,,,
75770,"2chic, Ultra-Sleek , For All Hair Types, Brazilian Keratin + Moroccan Argan Oil",Giovanni,Shampoo,2chic, Ultra-Sleek , For All Hair Types, Brazilian Keratin + Moroccan Argan Oil,,
43351,"2chic, Ultra Sleek , For All Hair Types, Brazilian Keratin + Moroccan Argan Oil",Giovanni,Shampoo,2chic, Ultra Sleek , For All Hair Types, Brazilian Keratin + Moroccan Argan Oil,,
136943,"Rosemary Mint Complex, Strengthening , For All Hair Types",Luseta Beauty,Shampoo,Rosemary Mint Complex, Strengthening , For All Hair Types,,,
75773,"2chic, Repairing , For Damaged, Over-Processed Hair, Blackberry + Coconut Milk",Giovanni,Shampoo,2chic, Repairing , For Damaged, Over-Processed Hair, Blackberry + Coconut Milk,
98846,"Keratin , For Damaged & Dry Hair",Luseta Beauty,Shampoo,Keratin , For Damaged & Dry Hair,,,,
119935,"High Porosity Moisture Replenish , Mongongo & Jojoba Oils",SheaMoisture,Shampoo,High Porosity Moisture Replenish , Mongongo & Jojoba Oils,,,,
92607,"Dermacare Scalp, Anti-Dandruff , Dryness & Itch Relief",Dove,Shampoo,Dermacare Scalp, Anti-Dandruff , Dryness & Itch Relief,,,
114712,"Cucumber & Moisture , For Dull Hair",Dove,Shampoo,Cucumber & Moisture , For Dull Hair,,,,
75761,"2chic, Ultra-Moist , For Dry, Damaged Hair, Avocado + Olive Oil",Giovanni,Shampoo,2chic, Ultra-Moist , For Dry, Damaged Hair, Avocado + Olive Oil,
98847,"Biotin & Collagen , For Thin & Dry Hair",Luseta Beauty,Shampoo,Biotin & Collagen , For Thin & Dry Hair,,,,
109281,"Art Of , Men, 2-In-1 Daily & Conditioner with Ginseng and Eucalyptus",Giovanni,Shampoo,Art Of , Men, 2-In-1 Daily & Conditioner with Ginseng and Eucalyptus,,,
98845,"Tea Tree & Argan Oil , For Damaged & Oily Hair",Luseta Beauty,Shampoo,Tea Tree & Argan Oil , For Damaged & Oily Hair,,,,
114604,Intensive Repair,Dove,Shampoo,Intensive Repair,,,,,
122076,"Purple Toning Solid Bar, Biotin, Orange Blossom & Jasmine",Kitsch,Shampoo,Purple Toning Solid Bar, Biotin, Orange Blossom & Jasmine,,,
104732,"Elvive, Color Vibrancy, Purple , Highlighted Brunette, Blonde & Grey Hair",L'Oréal,Shampoo,Elvive, Color Vibrancy, Purple , Highlighted Brunette, Blonde & Grey Hair,
119079,"Avocado Hydrating , For Natural Curls, Coils & Waves",Cantu,Shampoo,Avocado Hydrating , For Natural Curls, Coils & Waves,,,
109287,"Smoothing Castor Oil , For All Hair Types",Giovanni,Shampoo,Smoothing Castor Oil , For All Hair Types,,,,
121937,"Elvive, Hyaluron + Plump, 72H Hydrating , Dry, Dehydrated Hair",L'Oréal,Shampoo,Elvive, Hyaluron + Plump, 72H Hydrating , Dry, Dehydrated Hair,
114610,Daily Moisture,Dove,Shampoo,Daily Moisture,,,,,
110483,"Moisturizing and Detangling , Pomegranate & Honey",Mielle,Shampoo,Moisturizing and Detangling , Pomegranate & Honey,,,,
124469,"Scalp Relief , Guava",Cantu,Shampoo,Scalp Relief , Guava,,,,
75790,"2chic, Ultra-Volume , For Fine, Limp Hair, Papaya + Tangerine Butter",Giovanni,Shampoo,2chic, Ultra-Volume , For Fine, Limp Hair, Papaya + Tangerine Butter,
115674,"Curl Habit, Curl Defining , For All Curl Types",Giovanni,Shampoo,Curl Habit, Curl Defining , For All Curl Types,,,
92401,"Men+Care, 2 in 1 + Conditioner, Fresh & Clean",Dove,Shampoo,Men+Care, 2 in 1 + Conditioner, Fresh & Clean,,,
143768,Bond Strength + Peptide Complex,Dove,Shampoo,Bond Strength + Peptide Complex,,,,,
122054,Biotin & Collagen Strengthening,Giovanni,Shampoo,Biotin & Collagen Strengthening,,,,,
125043,"Ever Strong, Thickening , Rosemary Leaf",L'Oréal,Shampoo,Ever Strong, Thickening , Rosemary Leaf,,,
142327,"Men, Refreshing , Vetiver & Neroli",SheaMoisture,Shampoo,Men, Refreshing , Vetiver & Neroli,,,
98851,"Color Brightening Purple , For Blonde & Gray Hair",Luseta Beauty,Shampoo,Color Brightening Purple , For Blonde & Gray Hair,,,,
124728,"Sea Moss Blend, Anti-Shedding",Mielle,Shampoo,Sea Moss Blend, Anti-Shedding,,,,
125041,"EverPure, 1 Glossing",L'Oréal,Shampoo,EverPure, 1 Glossing,,,,
130197,"Men's 2 in + Soap, 1 Bar Soap",Okay Pure Naturals,Shampoo,Men's 2 in + Soap, 1 Bar Soap,,,,
75772,"2chic, Repairing , For Damaged, Over-Processed Hair, Blackberry + Coconut Milk",Giovanni,Shampoo,2chic, Repairing , For Damaged, Over-Processed Hair, Blackberry + Coconut Milk,
75791,"2chic, Ultra-Volume , For Fine, Limp Hair, Papaya + Tangerine Butter",Giovanni,Shampoo,2chic, Ultra-Volume , For Fine, Limp Hair, Papaya + Tangerine Butter,
75784,"2chic, Ultra-Luxurious , To Pamper Stressed-Out Hair, Cherry Blossom + Rose Petals",Giovanni,Shampoo,2chic, Ultra-Luxurious , To Pamper Stressed-Out Hair, Cherry Blossom + Rose Petals,,
111240,Argan Oil,Luseta Beauty,Shampoo,Argan Oil,,,,,
125921,"Kids 2-In-1 Curl & Shine & Conditioner, Coconut & Hibiscus",SheaMoisture,Shampoo,Kids 2-In-1 Curl & Shine & Conditioner, Coconut & Hibiscus,,,,
92491,"Oxygen Moisture , For Fine Hair",Dove,Shampoo,Oxygen Moisture , For Fine Hair,,,,
142298,"Scalp + Hair Therapy, Hydrating",Dove,Shampoo,Scalp + Hair Therapy, Hydrating,,,,
125898,"Men, Moisturizing , Raw Shea Butter & Mafura Oil",SheaMoisture,Shampoo,Men, Moisturizing , Raw Shea Butter & Mafura Oil,,,
143758,"Scalp + Hair Therapy, Clarifying",Dove,Shampoo,Scalp + Hair Therapy, Clarifying,,,,
75783,"2chic, Ultra-Luxurious , To Pamper Stressed-Out Hair, Cherry Blossom + Rose Petals",Giovanni,Shampoo,2chic, Ultra-Luxurious , To Pamper Stressed-Out Hair, Cherry Blossom + Rose Petals,,
143776,"Men + Care, 2-in-1 + Conditioner, Orange & Sage",Dove,Shampoo,Men + Care, 2-in-1 + Conditioner, Orange & Sage,,,
133492,"Ultra Care, Intensive Repair Conditioner, For Damaged Hair",Dove,Shampoo,Ultra Care, Intensive Repair Conditioner, For Damaged Hair,,,
114629,Coconut & Hydration,Dove,Shampoo,Coconut & Hydration,,,,,
107500,"Men+Care, 3 + Conditioner + Body Wash, SportCare, Endurance with Orange Peel Extract",Dove,Shampoo,Men+Care, 3 + Conditioner + Body Wash, SportCare, Endurance with Orange Peel Extract,,
111246,"Jamaican Black Castor Oil , For Thin & Dry Hair",Luseta Beauty,Shampoo,Jamaican Black Castor Oil , For Thin & Dry Hair,,,,
121941,"Ever Pure, Moisture with Rosemary",L'Oréal,Shampoo,Ever Pure, Moisture with Rosemary,,,,
133493,"Ultra Care, Intensive Repair , For Damaged Hair",Dove,Shampoo,Ultra Care, Intensive Repair , For Damaged Hair,,,
142657,"Solid & Body Wash Bar, Ultra Sensitive",Kitsch,Shampoo,Solid & Body Wash Bar, Ultra Sensitive,,,,
121375,"Anti-Frizz , Avocado & Tamanu",Mielle,Shampoo,Anti-Frizz , Avocado & Tamanu,,,,
143791,"Bond Repair , Amla Oil",SheaMoisture,Shampoo,Bond Repair , Amla Oil,,,,
121933,"Elvive, Dream Lengths Curls, Moisture Push",L'Oréal,Shampoo,Elvive, Dream Lengths Curls, Moisture Push,,,
143763,"Sulfate-Free , Color Care",Dove,Shampoo,Sulfate-Free , Color Care,,,,
107557,"Men + Care, , Purifying, Charcoal + Clay",Dove,Shampoo,Men + Care, , Purifying, Charcoal + Clay,,
124456,Flaxseed Smoothing,Cantu,Shampoo,Flaxseed Smoothing,,,,,
138628,"Elvive, Total Repair 5, Repairing , Damaged Hair",L'Oréal,Shampoo,Elvive, Total Repair 5, Repairing , Damaged Hair,,
143765,"Sulfate-Free , Silky Smooth",Dove,Shampoo,Sulfate-Free , Silky Smooth,,,,
101311,"Amplified Textures, Hydrating Cleanse",Dove,Shampoo,Amplified Textures, Hydrating Cleanse,,,,
124834,"Certified Natural Argan Oil From Morocco, Sulfate Free Moisture & Shine",Creme Of Nature,Shampoo,Certified Natural Argan Oil From Morocco, Sulfate Free Moisture & Shine,,,,
96213,"Black Jamaican Castor Oil,",Okay Pure Naturals,Shampoo,Black Jamaican Castor Oil,,,,,
124700,"Soothing , Oats & Honey",Mielle,Shampoo,Soothing , Oats & Honey,,,,
136941,"Tangle Free , For All Hair Types",Luseta Beauty,Shampoo,Tangle Free , For All Hair Types,,,,
143771,Nourish & Clarify,Dove,Shampoo,Nourish & Clarify,,,,,
142304,"Love Your Lasting Length, Sulfate-Free",Dove,Shampoo,Love Your Lasting Length, Sulfate-Free,,,,
120670,"Scalp Moisture , Aloe Butter",SheaMoisture,Shampoo,Scalp Moisture , Aloe Butter,,,,
108722,"Shea Butter for Natural Hair, Complete Conditioning Co-Wash",Cantu,Shampoo,Shea Butter for Natural Hair, Complete Conditioning Co-Wash,,,,
125042,"Ever Pure, Volume , Lotus",L'Oréal,Shampoo,Ever Pure, Volume , Lotus,,,
143772,"Curl Definition & Strength , For Curly & Wavy Hair",Dove,Shampoo,Curl Definition & Strength , For Curly & Wavy Hair,,,,
111239,"Biotin B-Complex Thickening , For Thin & Dry Hair",Luseta Beauty,Shampoo,Biotin B-Complex Thickening , For Thin & Dry Hair,,,,
124861,"Pure Honey, Moisturizing Dry Defense , For Dry, Dehydrated Hair",Creme Of Nature,Shampoo,Pure Honey, Moisturizing Dry Defense , For Dry, Dehydrated Hair,,
142303,"Love Your Waves, Sulfate-Free",Dove,Shampoo,Love Your Waves, Sulfate-Free,,,,
107555,"All Day Frizz Control , Papaya & Neroli with Elderflower",SheaMoisture,Shampoo,All Day Frizz Control , Papaya & Neroli with Elderflower,,,,
129805,"For Men, , Hair & Beard with All Natural Castor Oil",Okay Pure Naturals,Shampoo,For Men, , Hair & Beard with All Natural Castor Oil,,,
124448,"Revitalizing , Acai Berry",Cantu,Shampoo,Revitalizing , Acai Berry,,,,
114556,"Ultra Shine , For All Hair Types, Tsubaki + White Tea",Giovanni,Shampoo,Ultra Shine , For All Hair Types, Tsubaki + White Tea,,,
124691,"Moisture RX, Moisturizing And Anti-Breakage , Hawaiian Ginger",Mielle,Shampoo,Moisture RX, Moisturizing And Anti-Breakage , Hawaiian Ginger,,,
129804,", Conditioner & Treatment, 3-in-1 Hair & Beard, For Men",Okay Pure Naturals,Shampoo,, Conditioner & Treatment, 3-in-1 Hair & Beard, For Men,,
130199,Men Professional 2-in-1 & Conditioner,Okay Pure Naturals,Shampoo,Men Professional 2-in-1 & Conditioner,,,,,
143764,"Sulfate-Free Purple , Gorgeous Grays",Dove,Shampoo,Sulfate-Free Purple , Gorgeous Grays,,,,
120650,"Curl & Shine , Thick, Curly Hair, Coconut & Hibiscus",SheaMoisture,Shampoo,Curl & Shine , Thick, Curly Hair, Coconut & Hibiscus,,
107449,"Men + Care, , Purifying, Charcoal + Clay",Dove,Shampoo,Men + Care, , Purifying, Charcoal + Clay,,
115675,"Curl Habit, Curl Defining No-Foam Conditioning , For All Curl Types",Giovanni,Shampoo,Curl Habit, Curl Defining No-Foam Conditioning , For All Curl Types,,,
129779,"Coconut Hibiscus, Deep Moisturizing,",Okay Pure Naturals,Shampoo,Coconut Hibiscus, Deep Moisturizing,,,,
92400,", For Fine Flat Hair, Lavender & Volume",Dove,Shampoo,, For Fine Flat Hair, Lavender & Volume,,,
122802,"Men+Care 3 n 1, Body + Face + Hair Wash with Menthol, Recharge",Dove,Shampoo,Men+Care 3 n 1, Body + Face + Hair Wash with Menthol, Recharge,,,
119933,"Grapeseed Oil & Tea Tree Oils, Low Porosity Weightless Hydrating",SheaMoisture,Shampoo,Grapeseed Oil & Tea Tree Oils, Low Porosity Weightless Hydrating,,,,
124713,"Rice Water Collection, Hydrating",Mielle,Shampoo,Rice Water Collection, Hydrating,,,,
134513,"Coconut Water Curl Cleanse, Hydrating",Camille Rose,Shampoo,Coconut Water Curl Cleanse, Hydrating,,,,
110488,"Conditioning , Babassu",Mielle,Shampoo,Conditioning , Babassu,,,,
122801,"Men+Care, 2 in 1, + Conditioner, Youthfull Revitalize",Dove,Shampoo,Men+Care, 2 in 1, + Conditioner, Youthfull Revitalize,,
92392,Intensive Repair,Dove,Shampoo,Intensive Repair,,,,,
124682,"Nourishing , Mango & Tulsi",Mielle,Shampoo,Nourishing , Mango & Tulsi,,,,
136942,"Glossy Pearl , For All Hair Types",Luseta Beauty,Shampoo,Glossy Pearl , For All Hair Types,,,,
124843,"Detangling & Conditioning , For Normal Hair, Coconut Milk",Creme Of Nature,Shampoo,Detangling & Conditioning , For Normal Hair, Coconut Milk,,,
129773,"Black Jamaican Castor Oil, Coconut Curls,",Okay Pure Naturals,Shampoo,Black Jamaican Castor Oil, Coconut Curls,,,,
121935,"Elvive, Dream Lengths, Restoring",L'Oréal,Shampoo,Elvive, Dream Lengths, Restoring,,,
92494,"Men+Care, 2 in 1 + Conditioner, Fresh & Clean",Dove,Shampoo,Men+Care, 2 in 1 + Conditioner, Fresh & Clean,,,
124846,"Ultra-Moisturizing , Mango & Shea Butter",Creme Of Nature,Shampoo,Ultra-Moisturizing , Mango & Shea Butter,,,,
111232,", Coconut Milk",Luseta Beauty,Shampoo,, Coconut Milk,,,,
130200,"Men Professional, 3-in-1 Men Conditioner & Treatment",Okay Pure Naturals,Shampoo,Men Professional, 3-in-1 Men Conditioner & Treatment,,,,
129781,"Shea , Ultra Moisturizing",Okay Pure Naturals,Shampoo,Shea , Ultra Moisturizing,,,,
109677,"Clean Rinse, Moisturizing & Clarifying , Honey & Peppermint",Camille Rose,Shampoo,Clean Rinse, Moisturizing & Clarifying , Honey & Peppermint,,,
118743,Argan Oil,Creme Of Nature,Shampoo,Argan Oil,,,,,
120666,"Make It Last Wash N' Go , Coconut Custard, With Kokum Butter & Pequi Oil",SheaMoisture,Shampoo,Make It Last Wash N' Go , Coconut Custard, With Kokum Butter & Pequi Oil,,,
124816,"Acai Berry & Keratin, Strengthening , For Dry, Damaged Hair",Creme Of Nature,Shampoo,Acai Berry & Keratin, Strengthening , For Dry, Damaged Hair,,
130198,Body Wash & for Men,Okay Pure Naturals,Shampoo,Body Wash & for Men,,,,,
129777,"Black Jamaican Castor Oil, , Lavender",Okay Pure Naturals,Shampoo,Black Jamaican Castor Oil, , Lavender,,,
134528,"Coconut Water, Curl Coating Cowash, Maximum Hydration",Camille Rose,Shampoo,Coconut Water, Curl Coating Cowash, Maximum Hydration,,,
124487,"TXTR, Cleaning Oil , Color Treated Hair + Curls",Cantu,Shampoo,TXTR, Cleaning Oil , Color Treated Hair + Curls,,,
125894,"Weave and Wig, Residue Remover w/ Aloe Vera, Tea Tree & Borage Seed Oil",SheaMoisture,Shampoo,Weave and Wig, Residue Remover w/ Aloe Vera, Tea Tree & Borage Seed Oil,,,
107459,"Men+Care, 2-In-1 + Conditioner, Revitalizing, Eucalyptus + Birch",Dove,Shampoo,Men+Care, 2-In-1 + Conditioner, Revitalizing, Eucalyptus + Birch,,
119068,"Care For Kids, Dry Foam",Cantu,Shampoo,Care For Kids, Dry Foam,,,,
107368,"Men+Care, 2 In 1 + Conditioner, Reinvigorating, Lime + Cedarwood",Dove,Shampoo,Men+Care, 2 In 1 + Conditioner, Reinvigorating, Lime + Cedarwood,,
121939,"Ever Creme, Deep Nourish with Apricot Oil",L'Oréal,Shampoo,Ever Creme, Deep Nourish with Apricot Oil,,,,
121379,"Styles Protective By Angela, Hair Bath & Cleanser",Cantu,Shampoo,Styles Protective By Angela, Hair Bath & Cleanser,,,,
134522,"Lavender, Fresh Cleanse",Camille Rose,Shampoo,Lavender, Fresh Cleanse,,,,
122800,"Men+Care, , Cooling Relief, Icy Menthol",Dove,Shampoo,Men+Care, , Cooling Relief, Icy Menthol,,
124822,"Certified Natural Argan Oil From Morocco, Apple Cider Vinegar Clarifying Rinse",Creme Of Nature,Shampoo,Certified Natural Argan Oil From Morocco, Apple Cider Vinegar Clarifying Rinse,,,,
124461,Grapeseed Strengthening,Cantu,Shampoo,Grapeseed Strengthening,,,,,
124721,"Strengthening , Rosemary Mint Blend",Mielle,Conditioner,Strengthening , Rosemary Mint Blend,,,,
102845,"Jamaican Black Castor Oil, Strengthen & Restore Leave-In",SheaMoisture,Conditioner,Jamaican Black Castor Oil, Strengthen & Restore Leave-In,,,,
6403,"Smooth As Silk, Deeper Moisture , For Damaged Hair",Giovanni,Conditioner,Smooth As Silk, Deeper Moisture , For Damaged Hair,,,
6414,"Direct Leave-In™ Weightless Moisture , For All Hair Types",Giovanni,Conditioner,Direct Leave-In™ Weightless Moisture , For All Hair Types,,,,
108728,"Shea Butter, Leave-In Conditioning Repair Cream",Cantu,Conditioner,Shea Butter, Leave-In Conditioning Repair Cream,,,,
100350,Jamaican Black Castor Oil Strengthen & Restore,SheaMoisture,Conditioner,Jamaican Black Castor Oil Strengthen & Restore,,,,,
107556,"Hydrate + Repair Multi-Action Leave-In, Manuka Honey & Yogurt",SheaMoisture,Conditioner,Hydrate + Repair Multi-Action Leave-In, Manuka Honey & Yogurt,,,,
102824,"Curl & Shine , Coconut & Hibiscus",SheaMoisture,Conditioner,Curl & Shine , Coconut & Hibiscus,,,,
97566,"Manuka Honey & Mafura Oil, Intensive Hydration",SheaMoisture,Conditioner,Manuka Honey & Mafura Oil, Intensive Hydration,,,,
123623,"Direct Leave-In Weightless Moisture , For All Hair Types",Giovanni,Conditioner,Direct Leave-In Weightless Moisture , For All Hair Types,,,,
108743,"Care For Kids, Leave-In , Gentle Care For Textured Hair",Cantu,Conditioner,Care For Kids, Leave-In , Gentle Care For Textured Hair,,,
6495,"Tea Tree Triple Treat, Invigorating , For All Hair Types",Giovanni,Conditioner,Tea Tree Triple Treat, Invigorating , For All Hair Types,,,
103811,"Smooth As Silk™ Deeper Moisture , For Damaged Hair",Giovanni,Conditioner,Smooth As Silk™ Deeper Moisture , For Damaged Hair,,,,
122071,"Strengthening Solid Bar, Rice Water Protein, White Tea & Mandarin, 1 Bar",Kitsch,Conditioner,Strengthening Solid Bar, Rice Water Protein, White Tea & Mandarin, 1 Bar,,
108729,Argan Oil Leave-In Conditioning Repair Cream,Cantu,Conditioner,Argan Oil Leave-In Conditioning Repair Cream,,,,,
6401,"50:50 Balanced, Hydrating-Calming , For Normal to Dry Hair",Giovanni,Conditioner,50:50 Balanced, Hydrating-Calming , For Normal to Dry Hair,,,
108763,"Leave-In , Pomegranate & Honey",Mielle,Conditioner,Leave-In , Pomegranate & Honey,,,,
109206,"Care For Kids, Nourishing , For Textured Hair",Cantu,Conditioner,Care For Kids, Nourishing , For Textured Hair,,,
119934,"Grapseed & Tea Tree Oils, Low Porosity Weightless Hydrating",SheaMoisture,Conditioner,Grapseed & Tea Tree Oils, Low Porosity Weightless Hydrating,,,,
125913,"Baby, Leave-In , Curls & Coils, Raw Shea Chamomile & Argan Oil",SheaMoisture,Conditioner,Baby, Leave-In , Curls & Coils, Raw Shea Chamomile & Argan Oil,,
109667,"Curl Love Moisture Milk, Leave-In Conditioning Cream, Rice Milk & Macadamia Oil",Camille Rose,Conditioner,Curl Love Moisture Milk, Leave-In Conditioning Cream, Rice Milk & Macadamia Oil,,,
108738,"Care For Kids, Conditioning Detangler",Cantu,Conditioner,Care For Kids, Conditioning Detangler,,,,
120653,"Raw Shea Butter, Deep Moisturizing Leave-In , Curly to Coily Hair",SheaMoisture,Conditioner,Raw Shea Butter, Deep Moisturizing Leave-In , Curly to Coily Hair,,,
100296,"Power Greens , Moringa & Avocado",SheaMoisture,Conditioner,Power Greens , Moringa & Avocado,,,,
125032,"EverPure, Bond Repair",L'Oréal,Conditioner,EverPure, Bond Repair,,,,
109204,"Shea Butter Sulfate-Free Hydrating Cream , For Natural Curls, Coils & Waves",Cantu,Conditioner,Shea Butter Sulfate-Free Hydrating Cream , For Natural Curls, Coils & Waves,,,
108723,"Shea Butter, Leave-In Conditioning Cream, For Natural Curls, Coils & Waves",Cantu,Conditioner,Shea Butter, Leave-In Conditioning Cream, For Natural Curls, Coils & Waves,,
81715,"2chic, Frizz Be Gone , To Smooth Out Of Control Hair, Shea Butter + Sweet Almond Oil",Giovanni,Conditioner,2chic, Frizz Be Gone , To Smooth Out Of Control Hair, Shea Butter + Sweet Almond Oil,,
120664,"Manuka Honey & Yogurt, Hydrate + Repair",SheaMoisture,Conditioner,Manuka Honey & Yogurt, Hydrate + Repair,,,,
8683,"Root 66, Max Volume , For Limp, Lifeless Hair",Giovanni,Conditioner,Root 66, Max Volume , For Limp, Lifeless Hair,,
102826,"Silicon Free Miracle Styler Leave-In Treatment, Sugarcane Extract & Meadowfoam Seed",SheaMoisture,Conditioner,Silicon Free Miracle Styler Leave-In Treatment, Sugarcane Extract & Meadowfoam Seed,,,,
122596,"Kids Care, Nourishing , For Coils, Curls and Waves",Dove,Conditioner,Kids Care, Nourishing , For Coils, Curls and Waves,,
114617,Intensive Hydration Leave-In Milk with Fig Extract & Baobab Oil,SheaMoisture,Conditioner,Intensive Hydration Leave-In Milk with Fig Extract & Baobab Oil,,,,,
120651,"Curl & Shine , Thick, Curly Hair, Coconut & Hibiscus",SheaMoisture,Conditioner,Curl & Shine , Thick, Curly Hair, Coconut & Hibiscus,,
97589,"Raw Shea Butter, Deep Moisturizing , Curly to Coily Hair",SheaMoisture,Conditioner,Raw Shea Butter, Deep Moisturizing , Curly to Coily Hair,,,
142653,"Volumizing Solid Bar, Rosemary & Biotin, Lavender & Vanilla",Kitsch,Conditioner,Volumizing Solid Bar, Rosemary & Biotin, Lavender & Vanilla,,,
43355,"2chic, Ultra Sleek Leave-In Conditioning & Styling Elixir, For All Hair Types, Brazilian Keratin + Moroccan Argan Oil",Giovanni,Conditioner,2chic, Ultra Sleek Leave-In Conditioning & Styling Elixir, For All Hair Types, Brazilian Keratin + Moroccan Argan Oil,,
81712,"2chic, Frizz Be Gone Leave-In Conditioning & Styling Elixir, Shea Butter + Sweet Almond Oil",Giovanni,Conditioner,2chic, Frizz Be Gone Leave-In Conditioning & Styling Elixir, Shea Butter + Sweet Almond Oil,,,
108724,"Shea Butter, Moisturizing Rinse Out",Cantu,Conditioner,Shea Butter, Moisturizing Rinse Out,,,,
99934,"50:50 Balanced, Hydrating-Calming , For Normal to Dry Hair",Giovanni,Conditioner,50:50 Balanced, Hydrating-Calming , For Normal to Dry Hair,,,
92472,"Dermacare Scalp, Anti-Dandruff , Soothing Moisture",Dove,Conditioner,Dermacare Scalp, Anti-Dandruff , Soothing Moisture,,,
43354,"2chic, Ultra-Sleek , For All Hair Types, Brazilian Keratin + Moroccan Argan Oil",Giovanni,Conditioner,2chic, Ultra-Sleek , For All Hair Types, Brazilian Keratin + Moroccan Argan Oil,,
75762,"2chic, Ultra-Moist , For Dry, Damaged Hair, Avocado + Olive Oil",Giovanni,Conditioner,2chic, Ultra-Moist , For Dry, Damaged Hair, Avocado + Olive Oil,
75763,"2chic, Ultra Moist , For Dry, Damaged Hair, Avocado + Olive Oil",Giovanni,Conditioner,2chic, Ultra Moist , For Dry, Damaged Hair, Avocado + Olive Oil,
108759,"Deep , For All Hair Types, Babassu & Mint",Mielle,Conditioner,Deep , For All Hair Types, Babassu & Mint,,,
98848,Keratin,Luseta Beauty,Conditioner,Keratin,,,,,
109281,"Art Of , Men, 2-In-1 Daily Shampoo & with Ginseng and Eucalyptus",Giovanni,Conditioner,Art Of , Men, 2-In-1 Daily Shampoo & with Ginseng and Eucalyptus,,,
122073,"Deep-Moisturizing Solid Bar, Coconut Oil, White Tea & Coconut, 1 Bar",Kitsch,Conditioner,Deep-Moisturizing Solid Bar, Coconut Oil, White Tea & Coconut, 1 Bar,,
126325,"Mongongo Oil, Hydrating",Mielle,Conditioner,Mongongo Oil, Hydrating,,,,
136946,"Rosemary Mint Complex, Strengthening , For All Hair Types",Luseta Beauty,Conditioner,Rosemary Mint Complex, Strengthening , For All Hair Types,,,
109595,"Smoothing Castor Oil Leave-In , For All Hair Types",Giovanni,Conditioner,Smoothing Castor Oil Leave-In , For All Hair Types,,,,
75771,"2chic, Ultra Sleek , For All Hair Types, Brazilian Keratin + Moroccan Argan Oil",Giovanni,Conditioner,2chic, Ultra Sleek , For All Hair Types, Brazilian Keratin + Moroccan Argan Oil,,
125908,"Intensive Hydration Leave-In , Manuka Honey & Mafura Oil, Extra Dry, Damaged Hair",SheaMoisture,Conditioner,Intensive Hydration Leave-In , Manuka Honey & Mafura Oil, Extra Dry, Damaged Hair,,
102821,"100% Virgin Coconut Oil, Daily Hydration , All Hair Types",SheaMoisture,Conditioner,100% Virgin Coconut Oil, Daily Hydration , All Hair Types,,,
115681,"Curl Defining , For All Curl Types",Giovanni,Conditioner,Curl Defining , For All Curl Types,,,,
115682,"Curl Habit, Curl Defining Leave-In Conditioning & Styling Elixir, For All Curl Types",Giovanni,Conditioner,Curl Habit, Curl Defining Leave-In Conditioning & Styling Elixir, For All Curl Types,,,
122072,"Hydrating Solid Bar, Shea Butter, Sugared Amber & Shea, 1 Bar",Kitsch,Conditioner,Hydrating Solid Bar, Shea Butter, Sugared Amber & Shea, 1 Bar,,
99932,"Tea Tree Triple Treat, Invigorating , For All Hair Types",Giovanni,Conditioner,Tea Tree Triple Treat, Invigorating , For All Hair Types,,,
92401,"Men+Care, 2 in 1 Shampoo + , Fresh & Clean",Dove,Conditioner,Men+Care, 2 in 1 Shampoo + , Fresh & Clean,,,
109286,"Smoothing Castor Oil , For All Hair Types",Giovanni,Conditioner,Smoothing Castor Oil , For All Hair Types,,,,
125031,"EverPure, 3 Glossing",L'Oréal,Conditioner,EverPure, 3 Glossing,,,,
119078,"Avocado Hydrating, Repair Leave-In Cream",Cantu,Conditioner,Avocado Hydrating, Repair Leave-In Cream,,,,
120669,"Anti-Dandruff Leave-In, Apple Cider Vinegar",SheaMoisture,Conditioner,Anti-Dandruff Leave-In, Apple Cider Vinegar,,,,
143767,Bond Strength + Peptide Complex,Dove,Conditioner,Bond Strength + Peptide Complex,,,,,
124727,"Anti-Shedding, Leave-In , Sea Moss Blend",Mielle,Conditioner,Anti-Shedding, Leave-In , Sea Moss Blend,,,
75775,"2chic, Repairing , For Damaged, Over-Processed Hair, Blackberry + Coconut Milk",Giovanni,Conditioner,2chic, Repairing , For Damaged, Over-Processed Hair, Blackberry + Coconut Milk,
110485,"Moisturizing and Detangling , Pomegranate & Honey",Mielle,Conditioner,Moisturizing and Detangling , Pomegranate & Honey,,,,
98850,"Biotin & Collagen , For Thin & Dry Hair",Luseta Beauty,Conditioner,Biotin & Collagen , For Thin & Dry Hair,,,,
122077,"Purple Toning Solid Bar, Biotin, Orange Blossom & Jasmine, 1 Bar",Kitsch,Conditioner,Purple Toning Solid Bar, Biotin, Orange Blossom & Jasmine, 1 Bar,,
119069,Avocado Hydrating,Cantu,Conditioner,Avocado Hydrating,,,,,
75774,"2chic, Repairing , For Damaged, Over-Processed Hair, Blackberry + Coconut Milk",Giovanni,Conditioner,2chic, Repairing , For Damaged, Over-Processed Hair, Blackberry + Coconut Milk,
111225,"Keratin, Leave-In , For Fine & Dry Hair",Luseta Beauty,Conditioner,Keratin, Leave-In , For Fine & Dry Hair,,,
109207,"Shea Butter, Hydrating Leave-In Conditioning Mist",Cantu,Conditioner,Shea Butter, Hydrating Leave-In Conditioning Mist,,,,
122056,Biotin & Collagen Strengthening Leave-In,Giovanni,Conditioner,Biotin & Collagen Strengthening Leave-In,,,,,
134509,"Curl Love, Moisture Milk",Camille Rose,Conditioner,Curl Love, Moisture Milk,,,,
124687,"Moisture RX, Moisturizing Leave-In , Hawaiian Ginger",Mielle,Conditioner,Moisture RX, Moisturizing Leave-In , Hawaiian Ginger,,,
111243,"Argan Oil , For All Hair Types",Luseta Beauty,Conditioner,Argan Oil , For All Hair Types,,,,
125037,"Elvive, Dream Lengths Curls, Leave-In Cream",L'Oréal,Conditioner,Elvive, Dream Lengths Curls, Leave-In Cream,,,
143776,"Men + Care, 2-in-1 Shampoo + , Orange & Sage",Dove,Conditioner,Men + Care, 2-in-1 Shampoo + , Orange & Sage,,,
133492,"Ultra Care, Intensive Repair , For Damaged Hair",Dove,Conditioner,Ultra Care, Intensive Repair , For Damaged Hair,,,
143770,"Curl Definition & Strength , For Curly & Wavy Hair",Dove,Conditioner,Curl Definition & Strength , For Curly & Wavy Hair,,,,
98844,", Tea Tree & Argan Oil",Luseta Beauty,Conditioner,, Tea Tree & Argan Oil,,,,
107500,"Men+Care, 3 Shampoo + + Body Wash, SportCare, Endurance with Orange Peel Extract",Dove,Conditioner,Men+Care, 3 Shampoo + + Body Wash, SportCare, Endurance with Orange Peel Extract,,
114615,"Kids, Leave-In Conditioning Milk with Shea Butter, Thick, Curly Hair, Coconut & Hibiscus",SheaMoisture,Conditioner,Kids, Leave-In Conditioning Milk with Shea Butter, Thick, Curly Hair, Coconut & Hibiscus,
125895,"Men, Deep , Avocado Butter & Manuka Honey",SheaMoisture,Conditioner,Men, Deep , Avocado Butter & Manuka Honey,,,
122055,Biotin & Collagen Strengthening,Giovanni,Conditioner,Biotin & Collagen Strengthening,,,,,
121932,"Elvive, Dream Lengths Curls, Moisture Seal , Wavy to Curly Hair",L'Oréal,Conditioner,Elvive, Dream Lengths Curls, Moisture Seal , Wavy to Curly Hair,,
75786,"2chic, Ultra-Luxurious , To Pamper Stressed-Out Hair, Cherry Blossom + Rose Petals",Giovanni,Conditioner,2chic, Ultra-Luxurious , To Pamper Stressed-Out Hair, Cherry Blossom + Rose Petals,,
129776,"Black Jamaican Castor Oil, Coconut Curls, Leave in Deep",Okay Pure Naturals,Conditioner,Black Jamaican Castor Oil, Coconut Curls, Leave in Deep,,,
75785,"2chic, Ultra-Luxurious , To Pamper Stressed-Out Hair, Cherry Blossom + Rose Petals",Giovanni,Conditioner,2chic, Ultra-Luxurious , To Pamper Stressed-Out Hair, Cherry Blossom + Rose Petals,,
124681,"Nourishing Leave-In , Mango & Tulsi",Mielle,Conditioner,Nourishing Leave-In , Mango & Tulsi,,,,
125030,"EverPure, Purple , Hibiscus",L'Oréal,Conditioner,EverPure, Purple , Hibiscus,,,
75793,"2chic, Ultra-Volume , For Fine, Limp Hair, Papaya + Tangerine Butter",Giovanni,Conditioner,2chic, Ultra-Volume , For Fine, Limp Hair, Papaya + Tangerine Butter,
120673,"Anti-Dandruff , Apple Cider Vinegar",SheaMoisture,Conditioner,Anti-Dandruff , Apple Cider Vinegar,,,,
143759,"Curl Definition & Strength Leave-In , For Curly & Wavy Hair",Dove,Conditioner,Curl Definition & Strength Leave-In , For Curly & Wavy Hair,,,,
124455,Flaxseed Smoothing Leave-In or Rinse-Out,Cantu,Conditioner,Flaxseed Smoothing Leave-In or Rinse-Out,,,,,
120671,"Scalp Moisture , Aloe Butter",SheaMoisture,Conditioner,Scalp Moisture , Aloe Butter,,,,
124724,"Anti-Shedding , Sea Moss Blend",Mielle,Conditioner,Anti-Shedding , Sea Moss Blend,,,,
124465,"Guava Scalp Relief , For Natural Curls, Coils & Waves",Cantu,Conditioner,Guava Scalp Relief , For Natural Curls, Coils & Waves,,,
124685,"Moisture RX, Moisturizing And Anti-Breakage , Hawaiian Ginger",Mielle,Conditioner,Moisture RX, Moisturizing And Anti-Breakage , Hawaiian Ginger,,,
125033,"Ever Pure, Volume , Lotus",L'Oréal,Conditioner,Ever Pure, Volume , Lotus,,,
143769,Nourish & Clarify,Dove,Conditioner,Nourish & Clarify,,,,,
121373,"Anti-Frizz Slip & Seal Leave-In , Avocado & Tamanu",Mielle,Conditioner,Anti-Frizz Slip & Seal Leave-In , Avocado & Tamanu,,,,
121374,"Anti-Frizz , Avocado & Tamanu",Mielle,Conditioner,Anti-Frizz , Avocado & Tamanu,,,,
138629,"Elvive, Total Repair 5, Repairing , Damaged Hair",L'Oréal,Conditioner,Elvive, Total Repair 5, Repairing , Damaged Hair,,
143790,"Bond Repair , Alma Oil",SheaMoisture,Conditioner,Bond Repair , Alma Oil,,,,
121940,"Ever Pure, Moisture with Rosemary",L'Oréal,Conditioner,Ever Pure, Moisture with Rosemary,,,,
108744,"Shea Butter, Smoothing Leave-In Conditioning Lotion",Cantu,Conditioner,Shea Butter, Smoothing Leave-In Conditioning Lotion,,,,
125034,"EverStrong, Thickening , Rosemary Leaf",L'Oréal,Conditioner,EverStrong, Thickening , Rosemary Leaf,,,
143760,"Protective , Color Care",Dove,Conditioner,Protective , Color Care,,,,
98854,"Color Brightening, Purple , For Blonde & Gray Hair",Luseta Beauty,Conditioner,Color Brightening, Purple , For Blonde & Gray Hair,,,
124844,"Ultra-Moisturizing , For Dehydrated Hair, Mango & Shea Butter",Creme Of Nature,Conditioner,Ultra-Moisturizing , For Dehydrated Hair, Mango & Shea Butter,,,
143788,"Bond Repair Leave-In , Amla Oil",SheaMoisture,Conditioner,Bond Repair Leave-In , Amla Oil,,,,
133491,"Ultra Care, Daily Moisture , For Dry Hair",Dove,Conditioner,Ultra Care, Daily Moisture , For Dry Hair,,,
124688,"Moisture RX, Moisturizing Overnight , Hawaiian Ginger",Mielle,Conditioner,Moisture RX, Moisturizing Overnight , Hawaiian Ginger,,,
124717,"Deep , Rice Water & Aloe Vera Blend",Mielle,Conditioner,Deep , Rice Water & Aloe Vera Blend,,,,
134514,"Jansyn's Moisture Max , Coconut Milk & Aloe Vera",Camille Rose,Conditioner,Jansyn's Moisture Max , Coconut Milk & Aloe Vera,,,,
92501,"Oxygen Moisture , For Fine Hair",Dove,Conditioner,Oxygen Moisture , For Fine Hair,,,,
114558,"2chic, Ultra Shine , For All Hair Types, Tsubaki +White Tea",Giovanni,Conditioner,2chic, Ultra Shine , For All Hair Types, Tsubaki +White Tea,,
121936,"Elvive, Hyaluron + Pump, 72H Hydrating , Dry, Dehydrated Hair",L'Oréal,Conditioner,Elvive, Hyaluron + Pump, 72H Hydrating , Dry, Dehydrated Hair,
136945,Glossy Pearl,Luseta Beauty,Conditioner,Glossy Pearl,,,,,
129804,"Shampoo, & Treatment, 3-in-1 Hair & Beard, For Men",Okay Pure Naturals,Conditioner,Shampoo, & Treatment, 3-in-1 Hair & Beard, For Men,,
130199,Men Professional 2-in-1 Shampoo &,Okay Pure Naturals,Conditioner,Men Professional 2-in-1 Shampoo &,,,,,
142296,"Scalp + Hair Therapy, Hydrating",Dove,Conditioner,Scalp + Hair Therapy, Hydrating,,,,
96211,"Black Jamaican Castor Oil,",Okay Pure Naturals,Conditioner,Black Jamaican Castor Oil,,,,,
114557,"2chic, Ultra Shine Leave-In Conditioning & Styling Elixir, For All Hair Types, Tsubaki +White Tea",Giovanni,Conditioner,2chic, Ultra Shine Leave-In Conditioning & Styling Elixir, For All Hair Types, Tsubaki +White Tea,,
136944,"Tangle Free , For All Hair Types",Luseta Beauty,Conditioner,Tangle Free , For All Hair Types,,,,
134511,"Strengthening Leave-In , Rosemary Oil",Camille Rose,Conditioner,Strengthening Leave-In , Rosemary Oil,,,,
142297,"Scalp + Hair Therapy, Strengthening",Dove,Conditioner,Scalp + Hair Therapy, Strengthening,,,,
143762,"Protective Deep , Silky Smooth",Dove,Conditioner,Protective Deep , Silky Smooth,,,,
118741,Argan Oil Intensive Conditioning Treatment,Creme Of Nature,Conditioner,Argan Oil Intensive Conditioning Treatment,,,,,
121934,"Elvive, Dream Lengths, Super Detangler",L'Oréal,Conditioner,Elvive, Dream Lengths, Super Detangler,,,
142305,"Love Those Bold Curls, Moisture-Rich Leave-In Cream",Dove,Conditioner,Love Those Bold Curls, Moisture-Rich Leave-In Cream,,,,
103831,"2chic, Clarifying & Calming, Deep Conditioning Hair Mask, Dry, Normal or Oily Hair, Wintergreen + Blue Tansy",Giovanni,Conditioner,2chic, Clarifying & Calming, Deep Conditioning Hair Mask, Dry, Normal or Oily Hair, Wintergreen + Blue Tansy
111244,Argan Oil Leave-In,Luseta Beauty,Conditioner,Argan Oil Leave-In,,,,,
118742,"Argan Oil, Strength & Shine Leave-In",Creme Of Nature,Conditioner,Argan Oil, Strength & Shine Leave-In,,,,
124855,"Pure Honey, Knot Away Leave-In Detangler",Creme Of Nature,Conditioner,Pure Honey, Knot Away Leave-In Detangler,,,,
124445,"Revitalizing , Acai Berry",Cantu,Conditioner,Revitalizing , Acai Berry,,,,
124849,"Pure Honey, Moisturizing Dry Defense , For Dry, Dehydrated Hair",Creme Of Nature,Conditioner,Pure Honey, Moisturizing Dry Defense , For Dry, Dehydrated Hair,,
134500,"Black Castor Oil + Chebe, Deep",Camille Rose,Conditioner,Black Castor Oil + Chebe, Deep,,,,
122801,"Men+Care, 2 in 1, Shampoo + , Youthfull Revitalize",Dove,Conditioner,Men+Care, 2 in 1, Shampoo + , Youthfull Revitalize,,
124680,"Nourishing , Mango & Tulsi",Mielle,Conditioner,Nourishing , Mango & Tulsi,,,,
130166,"Deep Moisturizing Leave in , Coconut Hibiscus",Okay Pure Naturals,Conditioner,Deep Moisturizing Leave in , Coconut Hibiscus,,,,
129780,", Coconut Hibiscus",Okay Pure Naturals,Conditioner,, Coconut Hibiscus,,,,
125897,"Men, Lightweight , Coconut Oil & Maca Root",SheaMoisture,Conditioner,Men, Lightweight , Coconut Oil & Maca Root,,,
133490,"Ultra Care, Coconut & Hydration , For Dry Hair",Dove,Conditioner,Ultra Care, Coconut & Hydration , For Dry Hair,,,
124845,"Ultra-Moisturizing Leave-In , Mango & Shea Butter",Creme Of Nature,Conditioner,Ultra-Moisturizing Leave-In , Mango & Shea Butter,,,,
124491,"TXTR, Hydrating , Leave-In + Rinse Out",Cantu,Conditioner,TXTR, Hydrating , Leave-In + Rinse Out,,,
134512,"Coconut Water, Curl",Camille Rose,Conditioner,Coconut Water, Curl,,,,
129800,"Henna, Natural Hair , Neutral",Okay Pure Naturals,Conditioner,Henna, Natural Hair , Neutral,,,
134529,"Strength, Restorative Deep , Ucuuba & Ghee Butter",Camille Rose,Conditioner,Strength, Restorative Deep , Ucuuba & Ghee Butter,,,
142302,"Love Your Lasting Length, Strengthening",Dove,Conditioner,Love Your Lasting Length, Strengthening,,,,
130165,"Black Jamaican Castor Oil, , Lavender",Okay Pure Naturals,Conditioner,Black Jamaican Castor Oil, , Lavender,,,
114603,for Damaged Hair,Dove,Conditioner,for Damaged Hair,,,,,
124871,"Pure Honey, Hair Food, Damage Prevention Leave-In Treatment",Creme Of Nature,Conditioner,Pure Honey, Hair Food, Damage Prevention Leave-In Treatment,,,
135787,"Coconut Water, Hydrating Elixir",Camille Rose,Conditioner,Coconut Water, Hydrating Elixir,,,,
129778,"Black Jamaican Castor Oil, Leave in , Lavender",Okay Pure Naturals,Conditioner,Black Jamaican Castor Oil, Leave in , Lavender,,,
124697,"Soothing , Oats & Honey Blend",Mielle,Conditioner,Soothing , Oats & Honey Blend,,,,
142301,"Love Your Waves, Moisturizing",Dove,Conditioner,Love Your Waves, Moisturizing,,,,
142656,"Solid & Shave Bar, Ultra Sensitive, Fragrance Free",Kitsch,Conditioner,Solid & Shave Bar, Ultra Sensitive, Fragrance Free,,,
111235,", Coconut Milk, For Normal & Dry Hair",Luseta Beauty,Conditioner,, Coconut Milk, For Normal & Dry Hair,,,
124460,"Grapeseed Strengthening Repair Leave-In, Dry Brittle Hair",Cantu,Conditioner,Grapeseed Strengthening Repair Leave-In, Dry Brittle Hair,,,,
124457,Grapeseed Strengthening,Cantu,Conditioner,Grapeseed Strengthening,,,,,
134530,"Grace, Refreshing Moisture Mist, Gardenia & Camellia Flower",Camille Rose,Conditioner,Grace, Refreshing Moisture Mist, Gardenia & Camellia Flower,,,
130200,"Men Professional, 3-in-1 Men Shampoo & Treatment",Okay Pure Naturals,Conditioner,Men Professional, 3-in-1 Men Shampoo & Treatment,,,,
124824,"Certified Natural Argan Oil From Morocco, Creamy Hydration Co-Wash Cleansing",Creme Of Nature,Conditioner,Certified Natural Argan Oil From Morocco, Creamy Hydration Co-Wash Cleansing,,,,
129774,"Black Jamaican Castor Oil, Coconut Curls,",Okay Pure Naturals,Conditioner,Black Jamaican Castor Oil, Coconut Curls,,,,
129775,"Black Jamaican Castor Oil, Coconut Curls, Leave in",Okay Pure Naturals,Conditioner,Black Jamaican Castor Oil, Coconut Curls, Leave in,,,
111228,"Tea Tree & Argan Oil, Leave-In , For Damaged & Oily Hair",Luseta Beauty,Conditioner,Tea Tree & Argan Oil, Leave-In , For Damaged & Oily Hair,,,
124874,"Argan Oil From Morocco, Plex Breakage Defense, Restoring",Creme Of Nature,Conditioner,Argan Oil From Morocco, Plex Breakage Defense, Restoring,,,
111249,"Jamaican Black Castor Oil , For Thin & Dry Hair",Luseta Beauty,Conditioner,Jamaican Black Castor Oil , For Thin & Dry Hair,,,,
125036,"Elvive, Total Repair 5, Protein Recharge Leave-In , Damaged Hair",L'Oréal,Conditioner,Elvive, Total Repair 5, Protein Recharge Leave-In , Damaged Hair,,
111231,Curl Enhancing Leave-In Cream,Luseta Beauty,Conditioner,Curl Enhancing Leave-In Cream,,,,,
124840,"Curl Repair Leave-In, Coconut Milk",Creme Of Nature,Conditioner,Curl Repair Leave-In, Coconut Milk,,,,
124841,"Detangling & Conditioning , Coconut Milk",Creme Of Nature,Conditioner,Detangling & Conditioning , Coconut Milk,,,,
124826,"Certified Natural Argan Oil From Morocco, Intensive Conditioning Treatment",Creme Of Nature,Conditioner,Certified Natural Argan Oil From Morocco, Intensive Conditioning Treatment,,,,
124867,"Butter Blend & Flaxseed, Double Duty, Detangle & Slip Rinse-Out & Leave-In",Creme Of Nature,Conditioner,Butter Blend & Flaxseed, Double Duty, Detangle & Slip Rinse-Out & Leave-In,,,
134507,"Fresh Honey Nectar, Deep Conditioning Treatment",Camille Rose,Conditioner,Fresh Honey Nectar, Deep Conditioning Treatment,,,,
143761,"Ultra-Light , Gorgeous Grays",Dove,Conditioner,Ultra-Light , Gorgeous Grays,,,,
92463,"Intensive Repair , For Damaged Hair",Dove,Conditioner,Intensive Repair , For Damaged Hair,,,,
107459,"Men+Care, 2-In-1 Shampoo + , Revitalizing, Eucalyptus + Birch",Dove,Conditioner,Men+Care, 2-In-1 Shampoo + , Revitalizing, Eucalyptus + Birch,,
107368,"Men+Care, 2 In 1 Shampoo + , Reinvigorating, Lime + Cedarwood",Dove,Conditioner,Men+Care, 2 In 1 Shampoo + , Reinvigorating, Lime + Cedarwood,,
114627,", For Dry Hair, Coconut & Hydration",Dove,Conditioner,, For Dry Hair, Coconut & Hydration,,,
111238,"Biotin B-Complex Thickening , For Thin & Dry Hair",Luseta Beauty,Conditioner,Biotin B-Complex Thickening , For Thin & Dry Hair,,,,
124689,"Moisture RX, Moisturizing Overnight , Hawaiian Ginger",Mielle,Conditioner,Moisture RX, Moisturizing Overnight , Hawaiian Ginger,,,
107472,"Hair Therapy, Hydration Spa",Dove,Conditioner,Hair Therapy, Hydration Spa,,,,
111230,"Curl Enhancing Coconut Oil , For All Curl Types",Luseta Beauty,Conditioner,Curl Enhancing Coconut Oil , For All Curl Types,,,,
124699,"Soothing Leave-In , For Sensitive Scalp, Oats & Honey Blend",Mielle,Conditioner,Soothing Leave-In , For Sensitive Scalp, Oats & Honey Blend,,,
130167,"Ultra Moisturizing Leave-in , Shea",Okay Pure Naturals,Conditioner,Ultra Moisturizing Leave-in , Shea,,,,
134519,"Caramel Cowash Cleansing , Coconut & Rosemary Oils",Camille Rose,Conditioner,Caramel Cowash Cleansing , Coconut & Rosemary Oils,,,,
130202,"Miami South Beach Curls, Coconut Curl Enhancer Leave in",Okay Pure Naturals,Conditioner,Miami South Beach Curls, Coconut Curl Enhancer Leave in,,,,
129782,Ultra Moisturizing Shea,Okay Pure Naturals,Conditioner,Ultra Moisturizing Shea,,,,,
130201,"Miami South Beach Curls, Coconut Curl Enhancer",Okay Pure Naturals,Conditioner,Miami South Beach Curls, Coconut Curl Enhancer,,,,
100311,"Amplified Textures, Super Slip Detangling",Dove,Conditioner,Amplified Textures, Super Slip Detangling,,,,
108750,"Men's Collection, Shea Butter Leave-In",Cantu,Conditioner,Men's Collection, Shea Butter Leave-In,,,,
134505,"Leave-In Detangling Hair Treatment, Coconut Water",Camille Rose,Conditioner,Leave-In Detangling Hair Treatment, Coconut Water,,,,
110487,"Scalp & Hair Strengthening Oil, Rosemary Mint",Mielle,Treatments,Scalp & Hair Strengthening Oil, Rosemary Mint,,,,
6411,"Frizz Be Gone™, Super Smoothing, Anti-Frizz Hair Serum",Giovanni,Treatments,Frizz Be Gone™, Super Smoothing, Anti-Frizz Hair Serum,,,
97567,"Jamaican Black Castor Oil, Strengthen & Restore Treatment Masque",SheaMoisture,Treatments,Jamaican Black Castor Oil, Strengthen & Restore Treatment Masque,,,,
108762,"Strengthening Hair Masque, Rosemary Mint",Mielle,Treatments,Strengthening Hair Masque, Rosemary Mint,,,,
102845,"Jamaican Black Castor Oil, Strengthen & Restore Leave-In Conditioner",SheaMoisture,Treatments,Jamaican Black Castor Oil, Strengthen & Restore Leave-In Conditioner,,,,
138163,"Light Scalp & Hair Strengthening Oil, Rosemary Mint",Mielle,Treatments,Light Scalp & Hair Strengthening Oil, Rosemary Mint,,,,
6420,Nutrafix™ Hair Reconstructor,Giovanni,Treatments,Nutrafix™ Hair Reconstructor,,,,,
97568,"Manuka Honey & Mafura Oil, Intensive Hydration Hair Masque",SheaMoisture,Treatments,Manuka Honey & Mafura Oil, Intensive Hydration Hair Masque,,,,
138164,"Clarifying Sugar Scalp Scrub, Rosemary Mint",Mielle,Treatments,Clarifying Sugar Scalp Scrub, Rosemary Mint,,,,
100347,"Jamaican Black Castor Oil, Strengthen & Restore Treatment Masque",SheaMoisture,Treatments,Jamaican Black Castor Oil, Strengthen & Restore Treatment Masque,,,,
100353,Manuka Honey & Mafura Oil Intensive Hydration Hair Masque,SheaMoisture,Treatments,Manuka Honey & Mafura Oil Intensive Hydration Hair Masque,,,,,
81714,"2chic, Frizz Be Gone Anti-Frizz Polishing Serum, Shea Butter + Sweet Almond Oil",Giovanni,Treatments,2chic, Frizz Be Gone Anti-Frizz Polishing Serum, Shea Butter + Sweet Almond Oil,,,
75778,"2chic, Repairing Super Potion Hair Oil Serum, Blackberry + Coconut Oil",Giovanni,Treatments,2chic, Repairing Super Potion Hair Oil Serum, Blackberry + Coconut Oil,,,
75789,"2chic, Ultra-Luxurious Super Potion Silkening Hair Serum, Cherry Blossom + Rose Petals",Giovanni,Treatments,2chic, Ultra-Luxurious Super Potion Silkening Hair Serum, Cherry Blossom + Rose Petals,,,
97596,"Raw Shea Butter, Deep Moisturizing Masque with Sea Kelp & Argan Oil",SheaMoisture,Treatments,Raw Shea Butter, Deep Moisturizing Masque with Sea Kelp & Argan Oil,,,,
75765,"2chic, Ultra-Moist Super Potion Anti-Frizz & Binding Serum Oil, Avocado + Olive Oil",Giovanni,Treatments,2chic, Ultra-Moist Super Potion Anti-Frizz & Binding Serum Oil, Avocado + Olive Oil,,,
102809,"Manuka Honey & Yogurt, Hydrate + Repair Protein Power Treatment",SheaMoisture,Treatments,Manuka Honey & Yogurt, Hydrate + Repair Protein Power Treatment,,,,
99303,"Deep Treatment Masque, Raw Shea Butter",SheaMoisture,Treatments,Deep Treatment Masque, Raw Shea Butter,,,,
100210,"African Shea Body Butter, White Smooth",Okay Pure Naturals,Treatments,African Shea Body Butter, White Smooth,,,,
100209,"African Shea Body Butter, Yellow Smooth",Okay Pure Naturals,Treatments,African Shea Body Butter, Yellow Smooth,,,,
6891,"Vitapro Fusion, Protective Moisture, Leave-In Hair Treatment, For All Hair Types",Giovanni,Treatments,Vitapro Fusion, Protective Moisture, Leave-In Hair Treatment, For All Hair Types,,
108741,"Shea Butter, Deep Treatment Hair Masque",Cantu,Treatments,Shea Butter, Deep Treatment Hair Masque,,,,
75767,"2chic, Ultra-Moist Dual Action Protective Leave-In Spray, For Dry, Damaged Hair, Avocado + Olive Oil",Giovanni,Treatments,2chic, Ultra-Moist Dual Action Protective Leave-In Spray, For Dry, Damaged Hair, Avocado + Olive Oil,
75764,"2chic, Ultra-Moist Deep Deep Moisture Hair Mask, Avocado + Olive Oil",Giovanni,Treatments,2chic, Ultra-Moist Deep Deep Moisture Hair Mask, Avocado + Olive Oil,,,
120663,"Manuka Honey & Yogurt, Hydrate + Repair Shampoo with Mafura & Baobab Oils",SheaMoisture,Treatments,Manuka Honey & Yogurt, Hydrate + Repair Shampoo with Mafura & Baobab Oils,,,,
108739,"Shea Butter, Thermal Shield Heat Protectant",Cantu,Treatments,Shea Butter, Thermal Shield Heat Protectant,,,,
108732,Shea Butter Deep Treatment Masque,Cantu,Treatments,Shea Butter Deep Treatment Masque,,,,,
97582,"Curl Moisture Co-Wash, Coconut & Hibiscus",SheaMoisture,Treatments,Curl Moisture Co-Wash, Coconut & Hibiscus,,,,
97594,"Head-To-Toe Nourishing Hydration, 100% Extra Virgin Coconut Oil",SheaMoisture,Treatments,Head-To-Toe Nourishing Hydration, 100% Extra Virgin Coconut Oil,,,,
121377,"Anti-Shedding Scalp & Hair Oil, Sea Moss",Mielle,Treatments,Anti-Shedding Scalp & Hair Oil, Sea Moss,,,,
119711,"Pre-Wash Scalp Oil, Rosemary & Biotin",Kitsch,Treatments,Pre-Wash Scalp Oil, Rosemary & Biotin,,,,
109670,"Ultimate Strength Serum, Cocoa Nibs & Honey",Camille Rose,Treatments,Ultimate Strength Serum, Cocoa Nibs & Honey,,,,
75776,"2chic, Repairing Intensive Hair Mask, Blackberry + Coconut Milk",Giovanni,Treatments,2chic, Repairing Intensive Hair Mask, Blackberry + Coconut Milk,,,
138626,"Ever Pure, Pre-Shampoo, Bond Strengthening Concentrate",L'Oréal,Treatments,Ever Pure, Pre-Shampoo, Bond Strengthening Concentrate,,,
129788,Blended Argan Oil,Okay Pure Naturals,Treatments,Blended Argan Oil,,,,,
115676,"Curl Habit, Curl Defining Deep Conditioning Hair Mask, For All Curl Types",Giovanni,Treatments,Curl Habit, Curl Defining Deep Conditioning Hair Mask, For All Curl Types,,,
134532,"Daily Strengthening Mist, Rosemary Water",Camille Rose,Treatments,Daily Strengthening Mist, Rosemary Water,,,,
108720,"Shea Butter, Comeback Curl Next Day Curl Revitalizer",Cantu,Treatments,Shea Butter, Comeback Curl Next Day Curl Revitalizer,,,,
138162,"Strengthening Pomade-to-Oil, Rosemary Mint",Mielle,Treatments,Strengthening Pomade-to-Oil, Rosemary Mint,,,,
142299,"Scalp + Hair Therapy, Fullness Restore Scalp Serum",Dove,Treatments,Scalp + Hair Therapy, Fullness Restore Scalp Serum,,,,
138165,"Strengthening Scalp & Edge Cleansing Oil, Rosemary Mint",Mielle,Treatments,Strengthening Scalp & Edge Cleansing Oil, Rosemary Mint,,,,
133518,Apple Cider Vinegar Anti-Dandruff Pre-Wash w/ Salicylic Acid,SheaMoisture,Treatments,Apple Cider Vinegar Anti-Dandruff Pre-Wash w/ Salicylic Acid,,,,,
114559,"2Chic, Ulra Shine Anti-Frizz Smoothing Hair Serum, Tsubaki +White Tea",Giovanni,Treatments,2Chic, Ulra Shine Anti-Frizz Smoothing Hair Serum, Tsubaki +White Tea,,,
130176,Black Jamaican Castor Oil With Rosemary,Okay Pure Naturals,Treatments,Black Jamaican Castor Oil With Rosemary,,,,,
122058,"Biotin & Collagen Hair Oil, Rebonding & Restoring",Giovanni,Treatments,Biotin & Collagen Hair Oil, Rebonding & Restoring,,,,
122057,Biotin & Collagen Restoring Hair Mask,Giovanni,Treatments,Biotin & Collagen Restoring Hair Mask,,,,,
142355,"Smooth & Shine Oil, Coconut & Hibiscus",SheaMoisture,Treatments,Smooth & Shine Oil, Coconut & Hibiscus,,,,
111224,"Keratin Smooth, Hair Mask",Luseta Beauty,Treatments,Keratin Smooth, Hair Mask,,,,
14938,"Straight Fast, Straightening Elixir",Giovanni,Treatments,Straight Fast, Straightening Elixir,,,,
109668,"Honey Hydrate, The Leave-In Collection, No. 3",Camille Rose,Treatments,Honey Hydrate, The Leave-In Collection, No. 3,,,
108726,"Shea Butter, Grow Strong Strengthening Treatment",Cantu,Treatments,Shea Butter, Grow Strong Strengthening Treatment,,,,
142646,"Strengthening Solid Treatment Bar, Bond Repair, Bamboo Flower & Ylang Ylang",Kitsch,Treatments,Strengthening Solid Treatment Bar, Bond Repair, Bamboo Flower & Ylang Ylang,,,
129772,"Black Jamaican Castor Oil, Leave in Deep Conditioner",Okay Pure Naturals,Treatments,Black Jamaican Castor Oil, Leave in Deep Conditioner,,,,
119074,"Strengthening, Biotin-Infused Hair & Scalp Oil, With Tea Tree, Peppermint & Avocado",Cantu,Treatments,Strengthening, Biotin-Infused Hair & Scalp Oil, With Tea Tree, Peppermint & Avocado,,
134504,"Rosemary Oil, Strengthening Hair & Scalp Drops",Camille Rose,Treatments,Rosemary Oil, Strengthening Hair & Scalp Drops,,,,
120668,"Scalp Moisture Cream, Aloe Butter",SheaMoisture,Treatments,Scalp Moisture Cream, Aloe Butter,,,,
142300,"Scalp + Hair Therapy, Root Lift Thickening Spray",Dove,Treatments,Scalp + Hair Therapy, Root Lift Thickening Spray,,,,
98853,"Biotin & Collagen, Strengthening Oil Treatment",Luseta Beauty,Treatments,Biotin & Collagen, Strengthening Oil Treatment,,,,
142326,"Ultra Moisture & Nourish Oil, Manuka Honey & Mafura Oil",SheaMoisture,Treatments,Ultra Moisture & Nourish Oil, Manuka Honey & Mafura Oil,,,,
108733,"Shea Butter, Coconut Oil Shine & Hold Mist",Cantu,Treatments,Shea Butter, Coconut Oil Shine & Hold Mist,,,,
98843,"Keratin Oil, Weightless Smoothing Hair Repair Serum",Luseta Beauty,Treatments,Keratin Oil, Weightless Smoothing Hair Repair Serum,,,,
108721,"Shea Butter, Tea Tree & Jojoba Hair & Scalp Oil",Cantu,Treatments,Shea Butter, Tea Tree & Jojoba Hair & Scalp Oil,,,,
129787,Blended Rosemary Oil,Okay Pure Naturals,Treatments,Blended Rosemary Oil,,,,,
108730,"Shea Butter, Daily Oil Moisturizer",Cantu,Treatments,Shea Butter, Daily Oil Moisturizer,,,,
109684,"Mint Condition Braid & Scalp Spray, Sea Moss & Aloe Vera",Camille Rose,Treatments,Mint Condition Braid & Scalp Spray, Sea Moss & Aloe Vera,,,,
142349,"Strengthen & Protect Oil, Manuka Honey & Yogurt",SheaMoisture,Treatments,Strengthen & Protect Oil, Manuka Honey & Yogurt,,,,
109288,100% Pure Castor Oil,Giovanni,Treatments,100% Pure Castor Oil,,,,,
124468,"Guava & Ginger, Scalp Exfoliating Pre-Poo Treatment",Cantu,Treatments,Guava & Ginger, Scalp Exfoliating Pre-Poo Treatment,,,,
118745,"Argan Oil From Morocco, Heat Protector Smooth & Shine Polisher",Creme Of Nature,Treatments,Argan Oil From Morocco, Heat Protector Smooth & Shine Polisher,,,,
130175,"Black Jamaican Castor Oil With Argan, Original Dark",Okay Pure Naturals,Treatments,Black Jamaican Castor Oil With Argan, Original Dark,,,,
138627,Simply Clean Elastic Fiber Masque,L'Oréal,Treatments,Simply Clean Elastic Fiber Masque,,,,,
124726,"Anti-Shedding Gel Hair Masque, Sea Moss Blend",Mielle,Treatments,Anti-Shedding Gel Hair Masque, Sea Moss Blend,,,,
111221,Biotin & Collagen Hair Mask,Luseta Beauty,Treatments,Biotin & Collagen Hair Mask,,,,,
120667,"Scalp Moisture Pre-Wash Masque, Aloe Butter",SheaMoisture,Treatments,Scalp Moisture Pre-Wash Masque, Aloe Butter,,,,
129791,Blended Shea Butter Oil,Okay Pure Naturals,Treatments,Blended Shea Butter Oil,,,,,
142325,Bonding Oil with Amla Oil,SheaMoisture,Treatments,Bonding Oil with Amla Oil,,,,,
129785,Blended Coconut Oil,Okay Pure Naturals,Treatments,Blended Coconut Oil,,,,,
124715,"Split End Therapy, Rice Water Collection",Mielle,Treatments,Split End Therapy, Rice Water Collection,,,,
111242,"Argan Oil, Hair Repair Serum",Luseta Beauty,Treatments,Argan Oil, Hair Repair Serum,,,,
136953,"Rosemary Mint Complex, Hair & Scalp Strengthening Serum, For All Hair & Scalp Types",Luseta Beauty,Treatments,Rosemary Mint Complex, Hair & Scalp Strengthening Serum, For All Hair & Scalp Types,,,
134497,"Rejuva Drops, Come Back",Camille Rose,Treatments,Rejuva Drops, Come Back,,,,
111226,"Tea Tree Oil, Hair & Scalp Treatment With Argan Oil",Luseta Beauty,Treatments,Tea Tree Oil, Hair & Scalp Treatment With Argan Oil,,,,
136949,"Rosemary Mint Complex, Hair Mask, For All Hair Types",Luseta Beauty,Treatments,Rosemary Mint Complex, Hair Mask, For All Hair Types,,,
111245,"Argan Oil Hair Mask, For Damaged & Dry Hair",Luseta Beauty,Treatments,Argan Oil Hair Mask, For Damaged & Dry Hair,,,,
136952,"Glossy Pearl, Hair Shining Serum, For All Hair Types",Luseta Beauty,Treatments,Glossy Pearl, Hair Shining Serum, For All Hair Types,,,
121378,"Protective Styles by Angela, Daily Oil Drops",Cantu,Treatments,Protective Styles by Angela, Daily Oil Drops,,,,
111223,Color Brightening Hair Mask,Luseta Beauty,Treatments,Color Brightening Hair Mask,,,,,
136951,"Biotin & B-Complex, Hair Thickening Serum, For Thin & Dry Hair",Luseta Beauty,Treatments,Biotin & B-Complex, Hair Thickening Serum, For Thin & Dry Hair,,,
129801,"Black Jamaican Castor Oil, Hot Oil Treatment",Okay Pure Naturals,Treatments,Black Jamaican Castor Oil, Hot Oil Treatment,,,,
124470,"Guava & Ginger, Scalp Nourishing Treatment Serum",Cantu,Treatments,Guava & Ginger, Scalp Nourishing Treatment Serum,,,,
134515,"Strengthening Hair + Scalp Cleaner, Rosemary Oil",Camille Rose,Treatments,Strengthening Hair + Scalp Cleaner, Rosemary Oil,,,,
130195,"Coconut Hot Oil Treatment, Deep Moisturizing",Okay Pure Naturals,Treatments,Coconut Hot Oil Treatment, Deep Moisturizing,,,,
129784,"Black Jamaican Castor Oil, Original Dark",Okay Pure Naturals,Treatments,Black Jamaican Castor Oil, Original Dark,,,,
100208,"All Natural Coconut Oil, Deep Moisturizing",Okay Pure Naturals,Treatments,All Natural Coconut Oil, Deep Moisturizing,,,,
124463,Grapeseed Strengthening Treatment Masque,Cantu,Treatments,Grapeseed Strengthening Treatment Masque,,,,,
129789,Blended Castor Oil,Okay Pure Naturals,Treatments,Blended Castor Oil,,,,,
111241,"Biotin B-Complex, Hair Mask, Thin & Weakened Hair",Luseta Beauty,Treatments,Biotin B-Complex, Hair Mask, Thin & Weakened Hair,,,
111248,"Jamaican Black Castor Oil, Intensive Hair Serum",Luseta Beauty,Treatments,Jamaican Black Castor Oil, Intensive Hair Serum,,,,
124714,"Rice Water Collection, Shine Mist",Mielle,Treatments,Rice Water Collection, Shine Mist,,,,
124817,"Acai Berry & Keratin, Strengthening Hair Masque",Creme Of Nature,Treatments,Acai Berry & Keratin, Strengthening Hair Masque,,,,
137611,Argan Hot Oil Treatment,Okay Pure Naturals,Treatments,Argan Hot Oil Treatment,,,,,
103831,"2chic, Clarifying & Calming, Deep Conditioning Hair Mask, Dry, Normal or Oily Hair, Wintergreen + Blue Tansy",Giovanni,Treatments,2chic, Clarifying & Calming, Deep Conditioning Hair Mask, Dry, Normal or Oily Hair, Wintergreen + Blue Tansy
111227,Tea Tree & Argan Oil Hair Mask,Luseta Beauty,Treatments,Tea Tree & Argan Oil Hair Mask,,,,,
119073,Avocado Hydrating Hair Milk,Cantu,Treatments,Avocado Hydrating Hair Milk,,,,,
129786,Blended Jojoba Oil,Okay Pure Naturals,Treatments,Blended Jojoba Oil,,,,,
134502,"Invigorating Scalp Treatment Shampoo, Black Castor Oil + Chebe",Camille Rose,Treatments,Invigorating Scalp Treatment Shampoo, Black Castor Oil + Chebe,,,,
124680,"Nourishing Conditioner, Mango & Tulsi",Mielle,Treatments,Nourishing Conditioner, Mango & Tulsi,,,,
143789,"Bond Repair Masque, Amla Oil",SheaMoisture,Treatments,Bond Repair Masque, Amla Oil,,,,
136948,"Glossy Pearl, Hair Mask, For All Hair Types",Luseta Beauty,Treatments,Glossy Pearl, Hair Mask, For All Hair Types,,,
129802,Almond Hot Oil Treatment,Okay Pure Naturals,Treatments,Almond Hot Oil Treatment,,,,,
124682,"Nourishing Shampoo, Mango & Tulsi",Mielle,Treatments,Nourishing Shampoo, Mango & Tulsi,,,,
124492,"TXTR, Strengthen + Restore Moisture Mask",Cantu,Treatments,TXTR, Strengthen + Restore Moisture Mask,,,,
109675,"Cleansing Milk, Rose",Camille Rose,Treatments,Cleansing Milk, Rose,,,,
107549,"Amplified Textures, Scalp Tonic",Dove,Treatments,Amplified Textures, Scalp Tonic,,,,
124718,"Itchy Relief, Rice Water & Aloe Vera Blend",Mielle,Treatments,Itchy Relief, Rice Water & Aloe Vera Blend,,,,
134503,Black Castor Oil + Chebe,Camille Rose,Treatments,Black Castor Oil + Chebe,,,,,
81711,"2chic, Frizz Be Gone Smoothing Hair Mask, Shea Butter + Sweet Almond Oil",Giovanni,Treatments,2chic, Frizz Be Gone Smoothing Hair Mask, Shea Butter + Sweet Almond Oil,,,
118738,"Argan Oil From Morocco, Perfect 7, 7-N-1 Leave-In Treatment",Creme Of Nature,Treatments,Argan Oil From Morocco, Perfect 7, 7-N-1 Leave-In Treatment,,,
136950,"Tangle Free, Hair Shining Serum, For All Hair Types",Luseta Beauty,Treatments,Tangle Free, Hair Shining Serum, For All Hair Types,,,
143766,"Sulfate-Free Co-Wash, Defined Curls",Dove,Treatments,Sulfate-Free Co-Wash, Defined Curls,,,,
119936,"Mongongo & Jojoba Oils, High Porosity Moisture Replenish Masque",SheaMoisture,Treatments,Mongongo & Jojoba Oils, High Porosity Moisture Replenish Masque,,,,
124679,"Nourishing Instant 3-In-1 Serum, Mango & Tulsi",Mielle,Treatments,Nourishing Instant 3-In-1 Serum, Mango & Tulsi,,,,
124725,"Anti-Shedding Curl Pudding, Sea Moss Blend",Mielle,Treatments,Anti-Shedding Curl Pudding, Sea Moss Blend,,,,
138630,"Elvive, Dreamlengths, Savior Fiber Mask, For Long, Weakened Hair",L'Oréal,Treatments,Elvive, Dreamlengths, Savior Fiber Mask, For Long, Weakened Hair,
129783,"100% Pure Oil, Argan",Okay Pure Naturals,Treatments,100% Pure Oil, Argan,,,,
124693,"Pomade-To-Oil Treatment, Mongongo Oil",Mielle,Treatments,Pomade-To-Oil Treatment, Mongongo Oil,,,,
124833,"Certified Natural Argan Oil From Morocco, Oil Treatment",Creme Of Nature,Treatments,Certified Natural Argan Oil From Morocco, Oil Treatment,,,,
124838,"Essential 7 Treatment Oil, Coconut Milk",Creme Of Nature,Treatments,Essential 7 Treatment Oil, Coconut Milk,,,,
124450,"Revitalizing Treatment Masque, Acai Berry",Cantu,Treatments,Revitalizing Treatment Masque, Acai Berry,,,,
134533,"5 Minute Strengthening Hair Beauty Mask, Rosemary Oil",Camille Rose,Treatments,5 Minute Strengthening Hair Beauty Mask, Rosemary Oil,,,,
136947,"Tangle Free, Hair Mask, For All Hair Types",Luseta Beauty,Treatments,Tangle Free, Hair Mask, For All Hair Types,,,
119072,Avocado Hydrating Hair Masque,Cantu,Treatments,Avocado Hydrating Hair Masque,,,,,
119066,Flaxseed Smoothing Oil,Cantu,Treatments,Flaxseed Smoothing Oil,,,,,
124856,"Pure Honey, Moisture Replenish & Strength Hair Mask",Creme Of Nature,Treatments,Pure Honey, Moisture Replenish & Strength Hair Mask,,,,
124678,"Almond Oil Blend, Mint",Mielle,Treatments,Almond Oil Blend, Mint,,,,
134516,"Coconut Water, Penetrating Hair Treatment, Maximum Hydration",Camille Rose,Treatments,Coconut Water, Penetrating Hair Treatment, Maximum Hydration,,,
130177,"Natural Hair Oil, Extra Dark",Okay Pure Naturals,Treatments,Natural Hair Oil, Extra Dark,,,,
130205,"Miami South Beach Curls, Curl Pudding",Okay Pure Naturals,Treatments,Miami South Beach Curls, Curl Pudding,,,,
81720,"2chic, Ultra-Revive Super Potion Anti-Frizz Hair Serum, Pineapple + Ginger",Giovanni,Treatments,2chic, Ultra-Revive Super Potion Anti-Frizz Hair Serum, Pineapple + Ginger,,,
109671,"Algae Renew®, Deep Conditioning Mask, Cocoa & Mango Butter",Camille Rose,Treatments,Algae Renew®, Deep Conditioning Mask, Cocoa & Mango Butter,,,
124493,"TXTR, Scalp Saver, Fragrance Free",Cantu,Treatments,TXTR, Scalp Saver, Fragrance Free,,,
134508,"The Gro Grease, Old Fashioned Hair Formula",Camille Rose,Treatments,The Gro Grease, Old Fashioned Hair Formula,,,,
6418,"L.A. Hold Gel, Strong Hold",Giovanni,Styling,L.A. Hold Gel, Strong Hold,,,,
108728,"Shea Butter, Leave-In Conditioning Repair Cream",Cantu,Styling,Shea Butter, Leave-In Conditioning Repair Cream,,,,
124723,"Daily Creme, Rosemary Mint",Mielle,Styling,Daily Creme, Rosemary Mint,,,,
108745,"Shea Butter, Coconut Curling Cream",Cantu,Styling,Shea Butter, Coconut Curling Cream,,,,
97581,"Frizz Free Curl Mousse, Coconut & Hibiscus",SheaMoisture,Styling,Frizz Free Curl Mousse, Coconut & Hibiscus,,,,
108734,"Shea Butter, Moisturizing Curl Activator Cream",Cantu,Styling,Shea Butter, Moisturizing Curl Activator Cream,,,,
97590,"Curl Enhancing Smoothie, Coconut & Hibiscus",SheaMoisture,Styling,Curl Enhancing Smoothie, Coconut & Hibiscus,,,,
6416,"Mousse Air-Turbo Charged™ Hair Foam, Medium-To-Firm Hold",Giovanni,Styling,Mousse Air-Turbo Charged™ Hair Foam, Medium-To-Firm Hold,,,,
108729,Argan Oil Leave-In Conditioning Repair Cream,Cantu,Styling,Argan Oil Leave-In Conditioning Repair Cream,,,,,
119077,"Avocado Hydrating Gel, Alcohol Free",Cantu,Styling,Avocado Hydrating Gel, Alcohol Free,,,,
104727,"Advanced Hairstyle, Sleek It Iron Straight Heatspray",L'Oréal,Styling,Advanced Hairstyle, Sleek It Iron Straight Heatspray,,,,
108748,"Shea Butter Moisturizing Curl Activator Cream, For Natural Curls, Coils & Waves",Cantu,Styling,Shea Butter Moisturizing Curl Activator Cream, For Natural Curls, Coils & Waves,,,
124722,Rosemary Mint Strengthening Edge Gel,Mielle,Styling,Rosemary Mint Strengthening Edge Gel,,,,,
114614,"Kids Jelly, Coconut & Hibiscus",SheaMoisture,Styling,Kids Jelly, Coconut & Hibiscus,,,,
109667,"Curl Love Moisture Milk, Leave-In Conditioning Cream, Rice Milk & Macadamia Oil",Camille Rose,Styling,Curl Love Moisture Milk, Leave-In Conditioning Cream, Rice Milk & Macadamia Oil,,,
107563,"Curl & Shine Hair Masque, Coconut & Hibiscus",SheaMoisture,Styling,Curl & Shine Hair Masque, Coconut & Hibiscus,,,,
119931,"Defining Gel, Coconut & Hibiscus + Flaxseed",SheaMoisture,Styling,Defining Gel, Coconut & Hibiscus + Flaxseed,,,,
122592,7-in-1 Miracle Mist,Dove,Styling,7-in-1 Miracle Mist,,,,,
115680,"Curl Habit, Defining Hair Mousse, For All Curl Types",Giovanni,Styling,Curl Habit, Defining Hair Mousse, For All Curl Types,,,
107507,"Hold & Shine Moisture Mist with Silk Protein & Neem Oil, Coconut & Hibiscus",SheaMoisture,Styling,Hold & Shine Moisture Mist with Silk Protein & Neem Oil, Coconut & Hibiscus,,,,
108737,"Care For Kids, Custard",Cantu,Styling,Care For Kids, Custard,,,,
122597,Curl Cream,Dove,Styling,Curl Cream,,,,,
124475,"Care For Kids, Control & Go Gel",Cantu,Styling,Care For Kids, Control & Go Gel,,,,
114616,"Strong Hold Gel, Shea Butter, Peppermint & Apple Cider Vinegar",SheaMoisture,Styling,Strong Hold Gel, Shea Butter, Peppermint & Apple Cider Vinegar,,,
75794,"2chic, Ultra-Volume Foam Mousse, For Fine, Limp Hair, Papaya + Tangerine Butter",Giovanni,Styling,2chic, Ultra-Volume Foam Mousse, For Fine, Limp Hair, Papaya + Tangerine Butter,
109213,"Care For Kids, Curl Refresher",Cantu,Styling,Care For Kids, Curl Refresher,,,,
124600,"Shea Butter, Flexible Hold Strengthening Gel",Cantu,Styling,Shea Butter, Flexible Hold Strengthening Gel,,,,
43355,"2chic, Ultra Sleek Leave-In Conditioning & Elixir, For All Hair Types, Brazilian Keratin + Moroccan Argan Oil",Giovanni,Styling,2chic, Ultra Sleek Leave-In Conditioning & Elixir, For All Hair Types, Brazilian Keratin + Moroccan Argan Oil,,
97595,"Curl & Style Milk, Coconut & Hibiscus",SheaMoisture,Styling,Curl & Style Milk, Coconut & Hibiscus,,,,
124707,"Curl Defining Mousse With Hold, Pomegranate & Honey",Mielle,Styling,Curl Defining Mousse With Hold, Pomegranate & Honey,,,,
134496,Spiked Honey Mousse 4-In-1-Styler,Camille Rose,Styling,Spiked Honey Mousse 4-In-1-Styler,,,,,
115678,"Curl Habit, Curl Defining Hair Cream, For All Curl Types",Giovanni,Styling,Curl Habit, Curl Defining Hair Cream, For All Curl Types,,,
100307,"Crown Collection, Defining Shaping Butter Cream",Dove,Styling,Crown Collection, Defining Shaping Butter Cream,,,,
130173,"African Shea Body Butter, For Skin & Hair",Okay Pure Naturals,Styling,African Shea Body Butter, For Skin & Hair,,,,
108725,"Shea Butter, Define & Shine Custard",Cantu,Styling,Shea Butter, Define & Shine Custard,,,,
119071,Avocado Hydrating Curling Cream,Cantu,Styling,Avocado Hydrating Curling Cream,,,,,
142350,"Kids Braiding Jam, Coconut & Hibiscus with Shea Butter",SheaMoisture,Styling,Kids Braiding Jam, Coconut & Hibiscus with Shea Butter,,,,
109666,Curl Maker®,Camille Rose,Styling,Curl Maker®,,,,,
124444,"Shea Butter, Anti-Shedding Gel With Honey, Flexible Hold",Cantu,Styling,Shea Butter, Anti-Shedding Gel With Honey, Flexible Hold,,,
100323,"Men, Waves Pomade, Argan Oil & Shea Butter",SheaMoisture,Styling,Men, Waves Pomade, Argan Oil & Shea Butter,,,
109203,Shea Butter Hair Dressing Pomade,Cantu,Styling,Shea Butter Hair Dressing Pomade,,,,,
108742,"Shea Butter, Wave Whip Curling Mousse",Cantu,Styling,Shea Butter, Wave Whip Curling Mousse,,,,
108760,"Curl Smoothie, Pomegranate & Honey",Mielle,Styling,Curl Smoothie, Pomegranate & Honey,,,,
108731,"Shea Butter for Natural Hair, Conditioning Creamy Hair Lotion",Cantu,Styling,Shea Butter for Natural Hair, Conditioning Creamy Hair Lotion,,,,
124701,"Coil Sculpting Custard, Pomegranate & Honey",Mielle,Styling,Coil Sculpting Custard, Pomegranate & Honey,,,,
124831,"Certified Natural Argan Oil From Morocco, Style & Shine Foaming Mousse",Creme Of Nature,Styling,Certified Natural Argan Oil From Morocco, Style & Shine Foaming Mousse,,,,
124696,"Thermal & Heat Protectant Spray, Mongongo Oil",Mielle,Styling,Thermal & Heat Protectant Spray, Mongongo Oil,,,,
119067,Flaxseed Smoothing Cream Gel,Cantu,Styling,Flaxseed Smoothing Cream Gel,,,,,
119070,Avocado Hydrating Curl Activator,Cantu,Styling,Avocado Hydrating Curl Activator,,,,,
124706,"Gel Styler, Maximum Hold, Pomegranate & Honey Blend",Mielle,Styling,Gel Styler, Maximum Hold, Pomegranate & Honey Blend,,,
115677,"Curl Habit, Curl Shaping Gel, Medium Hold For All Curl Types",Giovanni,Styling,Curl Habit, Curl Shaping Gel, Medium Hold For All Curl Types,,,
124474,"Jamaican Black Castor Oil, Taming Gel",Cantu,Styling,Jamaican Black Castor Oil, Taming Gel,,,,
125922,"Manuka Honey & Yogurt, Smooth & Hold Multi- Mousse w/ Mafura & Baobab Oils",SheaMoisture,Styling,Manuka Honey & Yogurt, Smooth & Hold Multi- Mousse w/ Mafura & Baobab Oils,,,,
108746,"Shea Butter, Extra Hold Edge Stay Gel",Cantu,Styling,Shea Butter, Extra Hold Edge Stay Gel,,,,
108761,"Twisting Souffle, Pomegranate & Honey",Mielle,Styling,Twisting Souffle, Pomegranate & Honey,,,,
121376,"Anti-Frizz Curl Perfector, Avocado & Tamanu",Mielle,Styling,Anti-Frizz Curl Perfector, Avocado & Tamanu,,,,
125923,Hydrating Wrap & Set Mousse with Fig Extract & Baobab Oil,SheaMoisture,Styling,Hydrating Wrap & Set Mousse with Fig Extract & Baobab Oil,,,,,
124597,"Mango Butter, Raw Blend",Cantu,Styling,Mango Butter, Raw Blend,,,,
118740,"Argan Oil From Morocco, Moisture & Shine Curl Activator Creme",Creme Of Nature,Styling,Argan Oil From Morocco, Moisture & Shine Curl Activator Creme,,,,
124459,Grapeseed Strengthening Curling Cream,Cantu,Styling,Grapeseed Strengthening Curling Cream,,,,,
107362,"Jamaican Black Castor Oil, Strengthen & Restore Smoothie",SheaMoisture,Styling,Jamaican Black Castor Oil, Strengthen & Restore Smoothie,,,,
124863,"Pure Honey, Moisture Whip, Twisting Cream",Creme Of Nature,Styling,Pure Honey, Moisture Whip, Twisting Cream,,,
121381,"Protective Styles by Angela, Braiding & Twisting Gel",Cantu,Styling,Protective Styles by Angela, Braiding & Twisting Gel,,,,
124692,"Moisture RX, Moisturizing Gel, Hawaiian Ginger",Mielle,Styling,Moisture RX, Moisturizing Gel, Hawaiian Ginger,,,
135786,"Curl Maker, Marshmallow & Agave Leaf Extract",Camille Rose,Styling,Curl Maker, Marshmallow & Agave Leaf Extract,,,,
124484,"Shea Butter for Natural Hair, Mega-Hold Stay Glue Gel",Cantu,Styling,Shea Butter for Natural Hair, Mega-Hold Stay Glue Gel,,,,
124483,"Shea Butter, Moisturizing Twist & Lock Gel",Cantu,Styling,Shea Butter, Moisturizing Twist & Lock Gel,,,,
124857,"Pure Honey, Moisture & Twist Curling Mousse",Creme Of Nature,Styling,Pure Honey, Moisture & Twist Curling Mousse,,,,
119930,"Edge Gel, Coconut & Hibiscus + Flaxseed",SheaMoisture,Styling,Edge Gel, Coconut & Hibiscus + Flaxseed,,,,
124686,"Moisture RX, Moisturizing Hair Butter, Hawaiian Ginger",Mielle,Styling,Moisture RX, Moisturizing Hair Butter, Hawaiian Ginger,,,
134499,"Curlaide Moisture Butter, Green Tea & Jojoba",Camille Rose,Styling,Curlaide Moisture Butter, Green Tea & Jojoba,,,,
97584,"Curling Gel Souffle, Coconut & Hibiscus",SheaMoisture,Styling,Curling Gel Souffle, Coconut & Hibiscus,,,,
121380,"Protective Styles by Angela, Hair Freshener",Cantu,Styling,Protective Styles by Angela, Hair Freshener,,,,
124830,"Argan Oil From Morocco, Perfect Edges, Extra Firm Hold Hair Gel",Creme Of Nature,Styling,Argan Oil From Morocco, Perfect Edges, Extra Firm Hold Hair Gel,,,
124702,"Super Hold Edge Gel, Pomegranate & Honey Blend",Mielle,Styling,Super Hold Edge Gel, Pomegranate & Honey Blend,,,,
108752,"Shea Butter for Natural Hair, Curl Stretcher Cream Rinse",Cantu,Styling,Shea Butter for Natural Hair, Curl Stretcher Cream Rinse,,,,
124829,"Argan Oil From Morocco, Perfect Edges, Hair Gel",Creme Of Nature,Styling,Argan Oil From Morocco, Perfect Edges, Hair Gel,,,
124466,"Guava Style & Strengthen, Cream Gel",Cantu,Styling,Guava Style & Strengthen, Cream Gel,,,,
119076,Avocado Hydrating Mousse,Cantu,Styling,Avocado Hydrating Mousse,,,,,
124720,"Braid & Scalp Moisturizer, Rice Water & Aloe Vera Blend",Mielle,Styling,Braid & Scalp Moisturizer, Rice Water & Aloe Vera Blend,,,,
124866,"Butter Blend & Flaxseed, Double Duty, Stretch & Define Pudding",Creme Of Nature,Styling,Butter Blend & Flaxseed, Double Duty, Stretch & Define Pudding,,,
124719,"Braid Set Foam, Rice Water & Aloe Vera Blend",Mielle,Styling,Braid Set Foam, Rice Water & Aloe Vera Blend,,,,
134501,"Fresh Curl Revitalizing Hair Smoother, Avocado & Castor Oil",Camille Rose,Styling,Fresh Curl Revitalizing Hair Smoother, Avocado & Castor Oil,,,,
126318,"Coconut Milk, 24 HR. Edge Tamer Hair Gel, For Natural Hair",Creme Of Nature,Styling,Coconut Milk, 24 HR. Edge Tamer Hair Gel, For Natural Hair,,,
126320,"Moisture Curl Hair Milk, For Natural Hair, Coconut Milk",Creme Of Nature,Styling,Moisture Curl Hair Milk, For Natural Hair, Coconut Milk,,,
121372,"Moisturizing Hair Milk, Avocado",Mielle,Styling,Moisturizing Hair Milk, Avocado,,,,
124870,"Pure Honey, Hair Food, Smoothing & Frizz Control Curl Defining Cream",Creme Of Nature,Styling,Pure Honey, Hair Food, Smoothing & Frizz Control Curl Defining Cream,,,
134506,"Black Castor Oil + Chebe, Butter Cream",Camille Rose,Styling,Black Castor Oil + Chebe, Butter Cream,,,,
134531,"Edge Control, Strengthening & Smoothing Gel",Camille Rose,Styling,Edge Control, Strengthening & Smoothing Gel,,,,
143778,"Men + Care, Shaping Putty, High Hold, Medium Shine",Dove,Styling,Men + Care, Shaping Putty, High Hold, Medium Shine,,
124709,"Twisting Souffle, Pomegranate & Honey",Mielle,Styling,Twisting Souffle, Pomegranate & Honey,,,,
124462,"Grapeseed Strengthening Gel, Flexible Hold, Alcohol Free",Cantu,Styling,Grapeseed Strengthening Gel, Flexible Hold, Alcohol Free,,,
124712,"Rice Water Collection, Moisturizing Milk",Mielle,Styling,Rice Water Collection, Moisturizing Milk,,,,
124467,Guava & Ginger Hair Lotion,Cantu,Styling,Guava & Ginger Hair Lotion,,,,,
124823,"Certified Natural Argan Oil From Morocco, Smooth & Shine Blow Out Creme",Creme Of Nature,Styling,Certified Natural Argan Oil From Morocco, Smooth & Shine Blow Out Creme,,,,
124872,"Pure Honey, Hair Food, Mousse",Creme Of Nature,Styling,Pure Honey, Hair Food, Mousse,,,
135787,"Coconut Water, Hydrating Elixir",Camille Rose,Styling,Coconut Water, Hydrating Elixir,,,,
130196,Castor Oil Pomade,Okay Pure Naturals,Styling,Castor Oil Pomade,,,,,
107454,"Curl Enhancing Smoothie with Silk Protein & Neem Oil, Coconut & Hibiscus",SheaMoisture,Styling,Curl Enhancing Smoothie with Silk Protein & Neem Oil, Coconut & Hibiscus,,,,
122594,"Hair Therapy, Smoothing Genius Conditioning Cream",Dove,Styling,Hair Therapy, Smoothing Genius Conditioning Cream,,,,
111222,"Color Care, Perfecting Spray",Luseta Beauty,Styling,Color Care, Perfecting Spray,,,,
119929,"Jamaican Black Castor Oil + Flaxseed, Fortifying Edge Gel",SheaMoisture,Styling,Jamaican Black Castor Oil + Flaxseed, Fortifying Edge Gel,,,,
124695,"Style Setting Spray, Mongongo Oil",Mielle,Styling,Style Setting Spray, Mongongo Oil,,,,
124716,"Rice Water & Aloe Vera Blend, Braid Gel",Mielle,Styling,Rice Water & Aloe Vera Blend, Braid Gel,,,,
121382,"Protective Styles by Angela, Set & Refresh Foam",Cantu,Styling,Protective Styles by Angela, Set & Refresh Foam,,,,
124862,"Pure Honey, Silicone-Free Lightweight Shine Mist",Creme Of Nature,Styling,Pure Honey, Silicone-Free Lightweight Shine Mist,,,,
124489,"TXTR By , Shine + Sculpt Control Paste, Sleek",Cantu,Styling,TXTR By , Shine + Sculpt Control Paste, Sleek,,,
124852,"Pure Honey, Twist & Hold, Defining Custard",Creme Of Nature,Styling,Pure Honey, Twist & Hold, Defining Custard,,,
130203,"Miami South Beach Curls, Curl Enhancer Mousse, Coconut",Okay Pure Naturals,Styling,Miami South Beach Curls, Curl Enhancer Mousse, Coconut,,,
134517,"Coconut Water Style Setter, Maximum Hydration",Camille Rose,Styling,Coconut Water Style Setter, Maximum Hydration,,,,
130183,Polished Edges With Black Jamaican Castor Oil,Okay Pure Naturals,Styling,Polished Edges With Black Jamaican Castor Oil,,,,,
81713,"2chic, Frizz Be Gone Taming Cream, Shea Butter + Sweet Almond Oil",Giovanni,Styling,2chic, Frizz Be Gone Taming Cream, Shea Butter + Sweet Almond Oil,,,
124471,"Jamaican Black Castor Oil, Curl Stretch Paste",Cantu,Styling,Jamaican Black Castor Oil, Curl Stretch Paste,,,,
124683,"Nourishing Gel, Mango & Tulsi",Mielle,Styling,Nourishing Gel, Mango & Tulsi,,,,
137599,"Miami South Beach Curls, Shine Enhancer, Hair Shine Spray, Coconut",Okay Pure Naturals,Styling,Miami South Beach Curls, Shine Enhancer, Hair Shine Spray, Coconut,,
130184,On The Go Polished Edges With Moroccan Argan Oil,Okay Pure Naturals,Styling,On The Go Polished Edges With Moroccan Argan Oil,,,,,
130185,On The Go Polished Edges With Nourishing Coconut Oil,Okay Pure Naturals,Styling,On The Go Polished Edges With Nourishing Coconut Oil,,,,,
119075,Avocado Hydrating Refresher Spray,Cantu,Styling,Avocado Hydrating Refresher Spray,,,,,
111231,Curl Enhancing Leave-In Cream,Luseta Beauty,Styling,Curl Enhancing Leave-In Cream,,,,,
134510,"Honeycomb Curl Whip, Texture-Defining Supercream",Camille Rose,Styling,Honeycomb Curl Whip, Texture-Defining Supercream,,,,
124850,"Pure Honey, Shrinkage Defense, Curl Activator",Creme Of Nature,Styling,Pure Honey, Shrinkage Defense, Curl Activator,,,
121944,"Studio Line Clean Gel, Strong Hold, Medium Shine",L'Oréal,Styling,Studio Line Clean Gel, Strong Hold, Medium Shine,,,
124490,"TXTR, Defining Gel, For Curls + Waves",Cantu,Styling,TXTR, Defining Gel, For Curls + Waves,,,
124864,"Butter Blend & Flaxseed, Double Duty, Curl Definer & Booster",Creme Of Nature,Styling,Butter Blend & Flaxseed, Double Duty, Curl Definer & Booster,,,
124865,"Butter Blend & Flaxseed, Double Duty, Elongate & Define Jelly",Creme Of Nature,Styling,Butter Blend & Flaxseed, Double Duty, Elongate & Define Jelly,,,
43356,"2chic®, Ultra Sleek, Flat Iron Mist, Brazilian Keratin + Moroccan Argan Oil",Giovanni,Styling,2chic®, Ultra Sleek, Flat Iron Mist, Brazilian Keratin + Moroccan Argan Oil,,
134527,"Lavender, Edge Glaze, Smoothing & Conditioning Edge Gel",Camille Rose,Styling,Lavender, Edge Glaze, Smoothing & Conditioning Edge Gel,,,
124839,"Shine & Hold Control Glue, Coconut Milk",Creme Of Nature,Styling,Shine & Hold Control Glue, Coconut Milk,,,,
124832,"Certified Natural Argan Oil From Morocco, Creamy Oil Moisturizing Hair Lotion",Creme Of Nature,Styling,Certified Natural Argan Oil From Morocco, Creamy Oil Moisturizing Hair Lotion,,,,
124674,"Brazilian Curly Cocktail, Curl Mousse, Babassu",Mielle,Styling,Brazilian Curly Cocktail, Curl Mousse, Babassu,,,
126319,"Coconut Milk, Curl Quenching Foaming Mousse, For Natural Hair",Creme Of Nature,Styling,Coconut Milk, Curl Quenching Foaming Mousse, For Natural Hair,,,
124446,"Revitalizing Curling Cream, Acai Berry",Cantu,Styling,Revitalizing Curling Cream, Acai Berry,,,,
134518,"Kids, Sweet Puddin' Mandarin Hair Buttercream",Camille Rose,Styling,Kids, Sweet Puddin' Mandarin Hair Buttercream,,,,
126314,"Revitalizing Curl Activator, Acai Berry",Cantu,Styling,Revitalizing Curl Activator, Acai Berry,,,,
124853,"Pure Honey, Moisture Infusion, Edge Control Hair Gel",Creme Of Nature,Styling,Pure Honey, Moisture Infusion, Edge Control Hair Gel,,,
124851,"Pure Honey, Shrinkage Defense, Curling jelly",Creme Of Nature,Styling,Pure Honey, Shrinkage Defense, Curling jelly,,,
124684,"Nourishing, Whipping Creme, Mango & Tulsi",Mielle,Styling,Nourishing, Whipping Creme, Mango & Tulsi,,,
125884,"Weave and Wig, Bond Release Spray w/ Aloe Vera, Tea Tree & Borage Seed Oil",SheaMoisture,Styling,Weave and Wig, Bond Release Spray w/ Aloe Vera, Tea Tree & Borage Seed Oil,,,
124837,"Coconut Milk, Hydrating Curling Cream for Natural Hair",Creme Of Nature,Styling,Coconut Milk, Hydrating Curling Cream for Natural Hair,,,,
108751,"Men's Collection, Shea Butter Cream Pomade",Cantu,Styling,Men's Collection, Shea Butter Cream Pomade,,,,
109669,"Almond Jai Twisting Butter, Sweet Almond Milk & Honey",Camille Rose,Styling,Almond Jai Twisting Butter, Sweet Almond Milk & Honey,,,,
